[{"model": "admin.logentry", "pk": 1, "fields": {"action_time": "2022-02-03T06:47:49.267Z", "user": 1, "content_type": 23, "object_id": "4", "object_repr": "None, RCPT192F87579 , payment", "action_flag": 3, "change_message": ""}}, {"model": "admin.logentry", "pk": 2, "fields": {"action_time": "2022-02-03T06:47:49.280Z", "user": 1, "content_type": 23, "object_id": "3", "object_repr": "None, RCPT156109F20 , payment", "action_flag": 3, "change_message": ""}}, {"model": "admin.logentry", "pk": 3, "fields": {"action_time": "2022-02-03T06:47:49.282Z", "user": 1, "content_type": 23, "object_id": "2", "object_repr": "None, RCPT19B349A91 , payment", "action_flag": 3, "change_message": ""}}, {"model": "admin.logentry", "pk": 4, "fields": {"action_time": "2022-02-03T06:56:00.313Z", "user": 1, "content_type": 23, "object_id": "10", "object_repr": "None, RCPT18CBDF320 , payment", "action_flag": 3, "change_message": ""}}, {"model": "admin.logentry", "pk": 5, "fields": {"action_time": "2022-02-03T06:56:00.320Z", "user": 1, "content_type": 23, "object_id": "9", "object_repr": "None, RCPT1FDDD9969 , payment", "action_flag": 3, "change_message": ""}}, {"model": "admin.logentry", "pk": 6, "fields": {"action_time": "2022-02-03T06:56:00.322Z", "user": 1, "content_type": 23, "object_id": "8", "object_repr": "None, RCPT1F2A0DFD4 , payment", "action_flag": 3, "change_message": ""}}, {"model": "admin.logentry", "pk": 7, "fields": {"action_time": "2022-02-03T06:56:00.324Z", "user": 1, "content_type": 23, "object_id": "7", "object_repr": "None, RCPT11FCE113F , payment", "action_flag": 3, "change_message": ""}}, {"model": "admin.logentry", "pk": 8, "fields": {"action_time": "2022-02-03T06:56:00.326Z", "user": 1, "content_type": 23, "object_id": "6", "object_repr": "None, RCPT16FDA02E1 , payment", "action_flag": 3, "change_message": ""}}, {"model": "admin.logentry", "pk": 9, "fields": {"action_time": "2022-02-03T06:56:00.328Z", "user": 1, "content_type": 23, "object_id": "5", "object_repr": "None, RCPT1E979C641 , payment", "action_flag": 3, "change_message": ""}}, {"model": "admin.logentry", "pk": 10, "fields": {"action_time": "2022-02-03T09:59:43.616Z", "user": 1, "content_type": 23, "object_id": "16", "object_repr": "None, RCPT15F32206A , payment", "action_flag": 3, "change_message": ""}}, {"model": "admin.logentry", "pk": 11, "fields": {"action_time": "2022-02-03T09:59:43.622Z", "user": 1, "content_type": 23, "object_id": "15", "object_repr": "None, RCPT1385FF3B5 , payment", "action_flag": 3, "change_message": ""}}, {"model": "admin.logentry", "pk": 12, "fields": {"action_time": "2022-02-03T09:59:43.626Z", "user": 1, "content_type": 23, "object_id": "14", "object_repr": "None, RCPT17547B9A8 , payment", "action_flag": 3, "change_message": ""}}, {"model": "admin.logentry", "pk": 13, "fields": {"action_time": "2022-02-03T09:59:43.628Z", "user": 1, "content_type": 23, "object_id": "13", "object_repr": "None, RCPT1943C8886 , payment", "action_flag": 3, "change_message": ""}}, {"model": "admin.logentry", "pk": 14, "fields": {"action_time": "2022-02-03T09:59:43.630Z", "user": 1, "content_type": 23, "object_id": "12", "object_repr": "None, RCPT1C919272A , payment", "action_flag": 3, "change_message": ""}}, {"model": "admin.logentry", "pk": 15, "fields": {"action_time": "2022-02-03T09:59:43.632Z", "user": 1, "content_type": 23, "object_id": "11", "object_repr": "None, RCPT1A9B51A02 , payment", "action_flag": 3, "change_message": ""}}, {"model": "admin.logentry", "pk": 16, "fields": {"action_time": "2022-02-03T09:59:54.788Z", "user": 1, "content_type": 23, "object_id": "1", "object_repr": "INV1C8369CE1, None , invoice", "action_flag": 2, "change_message": "[{\"changed\": {\"fields\": [\"Amount sorted\"]}}]"}}, {"model": "admin.logentry", "pk": 17, "fields": {"action_time": "2022-02-03T10:00:07.950Z", "user": 1, "content_type": 22, "object_id": "1", "object_repr": "Invoice object (1)", "action_flag": 2, "change_message": "[{\"changed\": {\"fields\": [\"Amount sorted\"]}}]"}}, {"model": "admin.logentry", "pk": 18, "fields": {"action_time": "2022-02-06T17:36:08.556Z", "user": 1, "content_type": 30, "object_id": "7", "object_repr": "labour, Elon Musk 890", "action_flag": 3, "change_message": ""}}, {"model": "admin.logentry", "pk": 19, "fields": {"action_time": "2022-02-06T17:36:08.563Z", "user": 1, "content_type": 30, "object_id": "6", "object_repr": "labour, Bruno mars 2000", "action_flag": 3, "change_message": ""}}, {"model": "admin.logentry", "pk": 20, "fields": {"action_time": "2022-02-06T17:36:08.566Z", "user": 1, "content_type": 30, "object_id": "5", "object_repr": "labour, Bill Gates 1050", "action_flag": 3, "change_message": ""}}, {"model": "admin.logentry", "pk": 21, "fields": {"action_time": "2022-02-06T17:36:08.568Z", "user": 1, "content_type": 30, "object_id": "4", "object_repr": "labour, Bruno mars 950", "action_flag": 3, "change_message": ""}}, {"model": "admin.logentry", "pk": 22, "fields": {"action_time": "2022-02-06T17:36:08.570Z", "user": 1, "content_type": 30, "object_id": "3", "object_repr": "labour, test 700", "action_flag": 3, "change_message": ""}}, {"model": "admin.logentry", "pk": 23, "fields": {"action_time": "2022-02-09T11:09:27.314Z", "user": 1, "content_type": 22, "object_id": "7", "object_repr": "Invoice object (7)", "action_flag": 3, "change_message": ""}}, {"model": "admin.logentry", "pk": 24, "fields": {"action_time": "2022-02-09T11:09:37.431Z", "user": 1, "content_type": 23, "object_id": "24", "object_repr": "INV1C8369CE1, None , credit note", "action_flag": 3, "change_message": ""}}, {"model": "admin.logentry", "pk": 25, "fields": {"action_time": "2022-02-09T11:11:17.473Z", "user": 1, "content_type": 23, "object_id": "25", "object_repr": "INV1C8369CE1, None , credit note", "action_flag": 3, "change_message": ""}}, {"model": "admin.logentry", "pk": 26, "fields": {"action_time": "2022-02-09T11:23:19.494Z", "user": 1, "content_type": 23, "object_id": "26", "object_repr": "INV1C8369CE1, None , credit note", "action_flag": 3, "change_message": ""}}, {"model": "admin.logentry", "pk": 27, "fields": {"action_time": "2022-02-09T11:24:42.781Z", "user": 1, "content_type": 23, "object_id": "27", "object_repr": "INV1C8369CE1, None , credit note", "action_flag": 3, "change_message": ""}}, {"model": "admin.logentry", "pk": 28, "fields": {"action_time": "2022-02-09T11:26:12.341Z", "user": 1, "content_type": 23, "object_id": "28", "object_repr": "CREDelon musk unit 6 fixed period2C78A3A7, None , credit note", "action_flag": 3, "change_message": ""}}, {"model": "admin.logentry", "pk": 29, "fields": {"action_time": "2022-02-09T16:52:20.431Z", "user": 1, "content_type": 22, "object_id": "2", "object_repr": "Invoice object (2)", "action_flag": 2, "change_message": "[{\"changed\": {\"fields\": [\"Is cancelled\"]}}]"}}, {"model": "admin.logentry", "pk": 30, "fields": {"action_time": "2022-02-09T16:52:32.438Z", "user": 1, "content_type": 22, "object_id": "3", "object_repr": "Invoice object (3)", "action_flag": 2, "change_message": "[{\"changed\": {\"fields\": [\"Is cancelled\"]}}]"}}, {"model": "admin.logentry", "pk": 31, "fields": {"action_time": "2022-02-09T16:53:12.686Z", "user": 1, "content_type": 23, "object_id": "30", "object_repr": "CRED269C32B70, None , credit note", "action_flag": 3, "change_message": ""}}, {"model": "admin.logentry", "pk": 32, "fields": {"action_time": "2022-02-09T16:58:36.467Z", "user": 1, "content_type": 23, "object_id": "33", "object_repr": "CRED2E2AF272E, None , credit note", "action_flag": 3, "change_message": ""}}, {"model": "admin.logentry", "pk": 33, "fields": {"action_time": "2022-02-09T16:58:36.472Z", "user": 1, "content_type": 23, "object_id": "32", "object_repr": "CRED2688B9203, None , credit note", "action_flag": 3, "change_message": ""}}, {"model": "admin.logentry", "pk": 34, "fields": {"action_time": "2022-02-09T18:52:21.116Z", "user": 1, "content_type": 23, "object_id": "48", "object_repr": "None, DEB2EABAD5E0 , debit note", "action_flag": 3, "change_message": ""}}, {"model": "admin.logentry", "pk": 35, "fields": {"action_time": "2022-02-09T18:52:21.122Z", "user": 1, "content_type": 23, "object_id": "47", "object_repr": "None, DEB20D1C6D6F , debit note", "action_flag": 3, "change_message": ""}}, {"model": "admin.logentry", "pk": 36, "fields": {"action_time": "2022-02-09T18:52:21.124Z", "user": 1, "content_type": 23, "object_id": "46", "object_repr": "None, DEB2B6BE6C3A , debit note", "action_flag": 3, "change_message": ""}}, {"model": "admin.logentry", "pk": 37, "fields": {"action_time": "2022-02-09T18:52:21.126Z", "user": 1, "content_type": 23, "object_id": "45", "object_repr": "None, DEB268BDED0E , debit note", "action_flag": 3, "change_message": ""}}, {"model": "admin.logentry", "pk": 38, "fields": {"action_time": "2022-02-09T18:52:21.128Z", "user": 1, "content_type": 23, "object_id": "44", "object_repr": "None, DEB28A328890 , debit note", "action_flag": 3, "change_message": ""}}, {"model": "admin.logentry", "pk": 39, "fields": {"action_time": "2022-02-09T18:52:21.130Z", "user": 1, "content_type": 23, "object_id": "43", "object_repr": "None, DEB273796B9B , debit note", "action_flag": 3, "change_message": ""}}, {"model": "admin.logentry", "pk": 40, "fields": {"action_time": "2022-02-09T18:52:21.132Z", "user": 1, "content_type": 23, "object_id": "42", "object_repr": "None, DEB21BB6D634 , debit note", "action_flag": 3, "change_message": ""}}, {"model": "admin.logentry", "pk": 41, "fields": {"action_time": "2022-02-09T18:52:21.134Z", "user": 1, "content_type": 23, "object_id": "41", "object_repr": "None, DEB2A24DCFD6 , debit note", "action_flag": 3, "change_message": ""}}, {"model": "admin.logentry", "pk": 42, "fields": {"action_time": "2022-02-09T18:52:21.135Z", "user": 1, "content_type": 23, "object_id": "40", "object_repr": "None, DEB2C3CAAFF6 , debit note", "action_flag": 3, "change_message": ""}}, {"model": "admin.logentry", "pk": 43, "fields": {"action_time": "2022-02-09T18:52:21.136Z", "user": 1, "content_type": 23, "object_id": "39", "object_repr": "None, DEB2E21E5AFA , debit note", "action_flag": 3, "change_message": ""}}, {"model": "admin.logentry", "pk": 44, "fields": {"action_time": "2022-02-09T18:52:21.139Z", "user": 1, "content_type": 23, "object_id": "38", "object_repr": "None, DEB2C6225641 , debit note", "action_flag": 3, "change_message": ""}}, {"model": "admin.logentry", "pk": 45, "fields": {"action_time": "2022-02-09T18:52:21.140Z", "user": 1, "content_type": 23, "object_id": "37", "object_repr": "None, DEB2D6E486A0 , debit note", "action_flag": 3, "change_message": ""}}, {"model": "admin.logentry", "pk": 46, "fields": {"action_time": "2022-02-09T18:52:21.142Z", "user": 1, "content_type": 23, "object_id": "36", "object_repr": "None, DEB295D7E6F8 , debit note", "action_flag": 3, "change_message": ""}}, {"model": "admin.logentry", "pk": 47, "fields": {"action_time": "2022-02-09T18:52:21.143Z", "user": 1, "content_type": 23, "object_id": "35", "object_repr": "None, DEB218929BC7 , debit note", "action_flag": 3, "change_message": ""}}, {"model": "admin.logentry", "pk": 48, "fields": {"action_time": "2022-02-10T08:41:15.764Z", "user": 1, "content_type": 22, "object_id": "20", "object_repr": "Invoice object (20)", "action_flag": 3, "change_message": ""}}, {"model": "admin.logentry", "pk": 49, "fields": {"action_time": "2022-02-10T08:41:15.776Z", "user": 1, "content_type": 22, "object_id": "19", "object_repr": "Invoice object (19)", "action_flag": 3, "change_message": ""}}, {"model": "admin.logentry", "pk": 50, "fields": {"action_time": "2022-02-10T08:41:15.778Z", "user": 1, "content_type": 22, "object_id": "18", "object_repr": "Invoice object (18)", "action_flag": 3, "change_message": ""}}, {"model": "admin.logentry", "pk": 51, "fields": {"action_time": "2022-02-10T08:41:15.780Z", "user": 1, "content_type": 22, "object_id": "17", "object_repr": "Invoice object (17)", "action_flag": 3, "change_message": ""}}, {"model": "admin.logentry", "pk": 52, "fields": {"action_time": "2022-02-10T08:41:15.782Z", "user": 1, "content_type": 22, "object_id": "16", "object_repr": "Invoice object (16)", "action_flag": 3, "change_message": ""}}, {"model": "admin.logentry", "pk": 53, "fields": {"action_time": "2022-02-10T08:41:15.785Z", "user": 1, "content_type": 22, "object_id": "9", "object_repr": "Invoice object (9)", "action_flag": 3, "change_message": ""}}, {"model": "admin.logentry", "pk": 54, "fields": {"action_time": "2022-02-10T08:41:15.787Z", "user": 1, "content_type": 22, "object_id": "6", "object_repr": "Invoice object (6)", "action_flag": 3, "change_message": ""}}, {"model": "admin.logentry", "pk": 55, "fields": {"action_time": "2022-02-10T08:41:15.789Z", "user": 1, "content_type": 22, "object_id": "5", "object_repr": "Invoice object (5)", "action_flag": 3, "change_message": ""}}, {"model": "admin.logentry", "pk": 56, "fields": {"action_time": "2022-02-10T08:41:15.790Z", "user": 1, "content_type": 22, "object_id": "4", "object_repr": "Invoice object (4)", "action_flag": 3, "change_message": ""}}, {"model": "admin.logentry", "pk": 57, "fields": {"action_time": "2022-02-10T08:41:15.792Z", "user": 1, "content_type": 22, "object_id": "3", "object_repr": "Invoice object (3)", "action_flag": 3, "change_message": ""}}, {"model": "admin.logentry", "pk": 58, "fields": {"action_time": "2022-02-10T08:41:15.794Z", "user": 1, "content_type": 22, "object_id": "2", "object_repr": "Invoice object (2)", "action_flag": 3, "change_message": ""}}, {"model": "admin.logentry", "pk": 59, "fields": {"action_time": "2022-02-10T08:41:15.796Z", "user": 1, "content_type": 22, "object_id": "1", "object_repr": "Invoice object (1)", "action_flag": 3, "change_message": ""}}, {"model": "admin.logentry", "pk": 60, "fields": {"action_time": "2022-02-10T08:41:25.147Z", "user": 1, "content_type": 24, "object_id": "50", "object_repr": "Receipt object (50)", "action_flag": 3, "change_message": ""}}, {"model": "admin.logentry", "pk": 61, "fields": {"action_time": "2022-02-10T08:41:25.151Z", "user": 1, "content_type": 24, "object_id": "49", "object_repr": "Receipt object (49)", "action_flag": 3, "change_message": ""}}, {"model": "admin.logentry", "pk": 62, "fields": {"action_time": "2022-02-10T08:41:25.153Z", "user": 1, "content_type": 24, "object_id": "16", "object_repr": "Receipt object (16)", "action_flag": 3, "change_message": ""}}, {"model": "admin.logentry", "pk": 63, "fields": {"action_time": "2022-02-10T08:41:25.155Z", "user": 1, "content_type": 24, "object_id": "14", "object_repr": "Receipt object (14)", "action_flag": 3, "change_message": ""}}, {"model": "admin.logentry", "pk": 64, "fields": {"action_time": "2022-02-10T08:41:25.157Z", "user": 1, "content_type": 24, "object_id": "13", "object_repr": "Receipt object (13)", "action_flag": 3, "change_message": ""}}, {"model": "admin.logentry", "pk": 65, "fields": {"action_time": "2022-02-10T08:41:25.160Z", "user": 1, "content_type": 24, "object_id": "12", "object_repr": "Receipt object (12)", "action_flag": 3, "change_message": ""}}, {"model": "admin.logentry", "pk": 66, "fields": {"action_time": "2022-02-10T08:41:25.162Z", "user": 1, "content_type": 24, "object_id": "11", "object_repr": "Receipt object (11)", "action_flag": 3, "change_message": ""}}, {"model": "admin.logentry", "pk": 67, "fields": {"action_time": "2022-02-10T08:41:25.164Z", "user": 1, "content_type": 24, "object_id": "10", "object_repr": "Receipt object (10)", "action_flag": 3, "change_message": ""}}, {"model": "admin.logentry", "pk": 68, "fields": {"action_time": "2022-02-10T08:41:25.166Z", "user": 1, "content_type": 24, "object_id": "8", "object_repr": "Receipt object (8)", "action_flag": 3, "change_message": ""}}, {"model": "admin.logentry", "pk": 69, "fields": {"action_time": "2022-02-10T08:48:49.863Z", "user": 1, "content_type": 23, "object_id": "51", "object_repr": "INV1AD707E1E, None , invoice", "action_flag": 3, "change_message": ""}}, {"model": "admin.logentry", "pk": 70, "fields": {"action_time": "2022-02-10T08:48:49.869Z", "user": 1, "content_type": 23, "object_id": "50", "object_repr": "INV220286F07, None , invoice", "action_flag": 3, "change_message": ""}}, {"model": "admin.logentry", "pk": 71, "fields": {"action_time": "2022-02-10T08:48:49.870Z", "user": 1, "content_type": 23, "object_id": "49", "object_repr": "None, DEB20AD2C010 , debit note", "action_flag": 3, "change_message": ""}}, {"model": "admin.logentry", "pk": 72, "fields": {"action_time": "2022-02-10T08:48:49.875Z", "user": 1, "content_type": 23, "object_id": "34", "object_repr": "CRED2343ED2CB, None , credit note", "action_flag": 3, "change_message": ""}}, {"model": "admin.logentry", "pk": 73, "fields": {"action_time": "2022-02-10T08:48:49.878Z", "user": 1, "content_type": 23, "object_id": "31", "object_repr": "None, DEB1430E1C78 , debit note", "action_flag": 3, "change_message": ""}}, {"model": "admin.logentry", "pk": 74, "fields": {"action_time": "2022-02-10T08:48:49.881Z", "user": 1, "content_type": 23, "object_id": "29", "object_repr": "CRED1D4AFDEA8, None , credit note", "action_flag": 3, "change_message": ""}}, {"model": "admin.logentry", "pk": 75, "fields": {"action_time": "2022-02-10T08:48:49.883Z", "user": 1, "content_type": 23, "object_id": "20", "object_repr": "INV2D7EA5F68, None , invoice", "action_flag": 3, "change_message": ""}}, {"model": "admin.logentry", "pk": 76, "fields": {"action_time": "2022-02-10T08:48:49.884Z", "user": 1, "content_type": 23, "object_id": "19", "object_repr": "INV3B6A39B4E, None , invoice", "action_flag": 3, "change_message": ""}}, {"model": "admin.logentry", "pk": 77, "fields": {"action_time": "2022-02-10T08:48:49.886Z", "user": 1, "content_type": 23, "object_id": "18", "object_repr": "INV2B6A39B4E, None , invoice", "action_flag": 3, "change_message": ""}}, {"model": "admin.logentry", "pk": 78, "fields": {"action_time": "2022-02-10T08:48:49.889Z", "user": 1, "content_type": 23, "object_id": "23", "object_repr": "None, RCPT26C853176 , payment", "action_flag": 3, "change_message": ""}}, {"model": "admin.logentry", "pk": 79, "fields": {"action_time": "2022-02-10T08:48:49.893Z", "user": 1, "content_type": 23, "object_id": "1", "object_repr": "INV1C8369CE1, None , invoice", "action_flag": 3, "change_message": ""}}, {"model": "admin.logentry", "pk": 80, "fields": {"action_time": "2022-02-10T08:48:49.896Z", "user": 1, "content_type": 23, "object_id": "22", "object_repr": "None, RCPT2625CB0B1 , payment", "action_flag": 3, "change_message": ""}}, {"model": "admin.logentry", "pk": 81, "fields": {"action_time": "2022-02-10T08:48:49.898Z", "user": 1, "content_type": 23, "object_id": "21", "object_repr": "None, RCPT27C7114E0 , payment", "action_flag": 3, "change_message": ""}}, {"model": "admin.logentry", "pk": 82, "fields": {"action_time": "2022-02-10T08:48:49.900Z", "user": 1, "content_type": 23, "object_id": "17", "object_repr": "None, RCPT107CD58C4 , payment", "action_flag": 3, "change_message": ""}}, {"model": "admin.logentry", "pk": 83, "fields": {"action_time": "2022-02-10T08:49:16.732Z", "user": 1, "content_type": 23, "object_id": "55", "object_repr": "INV23F7FBBC5, None , invoice", "action_flag": 2, "change_message": "[{\"changed\": {\"fields\": [\"Created on\"]}}]"}}, {"model": "admin.logentry", "pk": 84, "fields": {"action_time": "2022-02-10T08:49:23.124Z", "user": 1, "content_type": 23, "object_id": "56", "object_repr": "INV13F7FBBC5, None , invoice", "action_flag": 2, "change_message": "[{\"changed\": {\"fields\": [\"Created on\"]}}]"}}, {"model": "admin.logentry", "pk": 85, "fields": {"action_time": "2022-02-10T08:51:12.749Z", "user": 1, "content_type": 22, "object_id": "28", "object_repr": "Invoice object (28)", "action_flag": 2, "change_message": "[{\"changed\": {\"fields\": [\"Deadline date\", \"Created on\"]}}]"}}, {"model": "admin.logentry", "pk": 86, "fields": {"action_time": "2022-02-10T08:51:22.404Z", "user": 1, "content_type": 22, "object_id": "27", "object_repr": "Invoice object (27)", "action_flag": 2, "change_message": "[{\"changed\": {\"fields\": [\"Created on\"]}}]"}}, {"model": "admin.logentry", "pk": 87, "fields": {"action_time": "2022-02-10T09:31:35.043Z", "user": 1, "content_type": 23, "object_id": "60", "object_repr": "None, RCPT1A137F221 , payment", "action_flag": 3, "change_message": ""}}, {"model": "admin.logentry", "pk": 88, "fields": {"action_time": "2022-02-10T09:32:44.784Z", "user": 1, "content_type": 24, "object_id": "55", "object_repr": "Receipt object (55)", "action_flag": 3, "change_message": ""}}, {"model": "admin.logentry", "pk": 89, "fields": {"action_time": "2022-02-10T09:32:44.790Z", "user": 1, "content_type": 24, "object_id": "54", "object_repr": "Receipt object (54)", "action_flag": 3, "change_message": ""}}, {"model": "admin.logentry", "pk": 90, "fields": {"action_time": "2022-02-10T09:34:50.541Z", "user": 1, "content_type": 22, "object_id": "25", "object_repr": "Invoice object (25)", "action_flag": 2, "change_message": "[{\"changed\": {\"fields\": [\"Amount sorted\"]}}]"}}, {"model": "admin.logentry", "pk": 91, "fields": {"action_time": "2022-02-10T09:34:57.717Z", "user": 1, "content_type": 22, "object_id": "26", "object_repr": "Invoice object (26)", "action_flag": 2, "change_message": "[{\"changed\": {\"fields\": [\"Amount sorted\"]}}]"}}, {"model": "admin.logentry", "pk": 92, "fields": {"action_time": "2022-02-10T09:35:02.551Z", "user": 1, "content_type": 22, "object_id": "28", "object_repr": "Invoice object (28)", "action_flag": 2, "change_message": "[{\"changed\": {\"fields\": [\"Amount sorted\"]}}]"}}, {"model": "admin.logentry", "pk": 93, "fields": {"action_time": "2022-02-10T09:35:07.344Z", "user": 1, "content_type": 22, "object_id": "31", "object_repr": "Invoice object (31)", "action_flag": 2, "change_message": "[{\"changed\": {\"fields\": [\"Amount sorted\"]}}]"}}, {"model": "admin.logentry", "pk": 94, "fields": {"action_time": "2022-02-10T09:35:16.109Z", "user": 1, "content_type": 22, "object_id": "32", "object_repr": "Invoice object (32)", "action_flag": 2, "change_message": "[{\"changed\": {\"fields\": [\"Amount sorted\"]}}]"}}, {"model": "admin.logentry", "pk": 95, "fields": {"action_time": "2022-02-10T10:17:41.470Z", "user": 1, "content_type": 23, "object_id": "57", "object_repr": "INV2964286E4, None , invoice", "action_flag": 2, "change_message": "[{\"changed\": {\"fields\": [\"Amount sorted\"]}}]"}}, {"model": "admin.logentry", "pk": 96, "fields": {"action_time": "2022-02-10T10:40:34.671Z", "user": 1, "content_type": 23, "object_id": "65", "object_repr": "None, DEB381E97E04 , debit note", "action_flag": 3, "change_message": ""}}, {"model": "admin.logentry", "pk": 97, "fields": {"action_time": "2022-02-10T10:44:32.032Z", "user": 1, "content_type": 23, "object_id": "66", "object_repr": "None, DEB368B59C19 , debit note", "action_flag": 3, "change_message": ""}}, {"model": "admin.logentry", "pk": 98, "fields": {"action_time": "2022-02-12T15:15:02.544Z", "user": 1, "content_type": 34, "object_id": "22", "object_repr": "Type:credit note,Subject:Credit note", "action_flag": 3, "change_message": ""}}, {"model": "admin.logentry", "pk": 99, "fields": {"action_time": "2022-02-13T12:07:43.982Z", "user": 1, "content_type": 15, "object_id": "5", "object_repr": "unit 4, Lanagata paradise ", "action_flag": 2, "change_message": "[{\"changed\": {\"fields\": [\"Occupancy status\"]}}]"}}, {"model": "admin.logentry", "pk": 100, "fields": {"action_time": "2022-02-13T12:07:51.862Z", "user": 1, "content_type": 15, "object_id": "2", "object_repr": "unit 1, Lanagata paradise ", "action_flag": 2, "change_message": "[{\"changed\": {\"fields\": [\"Occupancy status\"]}}]"}}, {"model": "admin.logentry", "pk": 101, "fields": {"action_time": "2022-02-16T15:29:21.172Z", "user": 1, "content_type": 42, "object_id": "2", "object_repr": "test-celery-8: 30 18 * * * (m/h/dM/MY/d) Africa/Nairobi", "action_flag": 2, "change_message": "[{\"changed\": {\"fields\": [\"Task (custom)\"]}}]"}}, {"model": "admin.logentry", "pk": 102, "fields": {"action_time": "2022-02-16T15:42:32.797Z", "user": 1, "content_type": 40, "object_id": "2", "object_repr": "44 18 * * * (m/h/dM/MY/d) Africa/Nairobi", "action_flag": 2, "change_message": "[{\"changed\": {\"fields\": [\"Minute(s)\"]}}]"}}, {"model": "admin.logentry", "pk": 103, "fields": {"action_time": "2022-02-16T15:43:28.211Z", "user": 1, "content_type": 40, "object_id": "2", "object_repr": "39 18 * * * (m/h/dM/MY/d) Africa/Nairobi", "action_flag": 2, "change_message": "[{\"changed\": {\"fields\": [\"Minute(s)\"]}}]"}}, {"model": "admin.logentry", "pk": 104, "fields": {"action_time": "2022-02-18T17:26:23.599Z", "user": 1, "content_type": 23, "object_id": "90", "object_repr": "INV2997A40AE, None , invoice", "action_flag": 3, "change_message": ""}}, {"model": "admin.logentry", "pk": 105, "fields": {"action_time": "2022-02-18T17:27:25.059Z", "user": 1, "content_type": 23, "object_id": "91", "object_repr": "INV21851957E, None , invoice", "action_flag": 3, "change_message": ""}}, {"model": "admin.logentry", "pk": 106, "fields": {"action_time": "2022-02-18T17:28:42.036Z", "user": 1, "content_type": 23, "object_id": "94", "object_repr": "INV39DA354C7, None , invoice", "action_flag": 3, "change_message": ""}}, {"model": "admin.logentry", "pk": 107, "fields": {"action_time": "2022-02-18T17:28:42.041Z", "user": 1, "content_type": 23, "object_id": "93", "object_repr": "INV29DA354C7, None , invoice", "action_flag": 3, "change_message": ""}}, {"model": "admin.logentry", "pk": 108, "fields": {"action_time": "2022-02-18T17:28:42.041Z", "user": 1, "content_type": 23, "object_id": "92", "object_repr": "INV2AFFC467D, None , invoice", "action_flag": 3, "change_message": ""}}, {"model": "admin.logentry", "pk": 109, "fields": {"action_time": "2022-02-18T19:40:48.154Z", "user": 1, "content_type": 23, "object_id": "99", "object_repr": "INV3DF9BF3F5, None , invoice", "action_flag": 3, "change_message": ""}}, {"model": "admin.logentry", "pk": 110, "fields": {"action_time": "2022-02-18T19:40:48.185Z", "user": 1, "content_type": 23, "object_id": "98", "object_repr": "INV2DF9BF3F5, None , invoice", "action_flag": 3, "change_message": ""}}, {"model": "admin.logentry", "pk": 111, "fields": {"action_time": "2022-02-18T19:40:48.185Z", "user": 1, "content_type": 23, "object_id": "97", "object_repr": "INV2F49D46F5, None , invoice", "action_flag": 3, "change_message": ""}}, {"model": "admin.logentry", "pk": 112, "fields": {"action_time": "2022-02-18T19:40:48.195Z", "user": 1, "content_type": 23, "object_id": "96", "object_repr": "INV39440B53D, None , invoice", "action_flag": 3, "change_message": ""}}, {"model": "admin.logentry", "pk": 113, "fields": {"action_time": "2022-02-18T19:40:48.195Z", "user": 1, "content_type": 23, "object_id": "95", "object_repr": "INV29440B53D, None , invoice", "action_flag": 3, "change_message": ""}}, {"model": "admin.logentry", "pk": 114, "fields": {"action_time": "2022-02-18T19:51:32.972Z", "user": 1, "content_type": 23, "object_id": "103", "object_repr": "INV3A0747561, None , invoice", "action_flag": 3, "change_message": ""}}, {"model": "admin.logentry", "pk": 115, "fields": {"action_time": "2022-02-18T19:51:32.984Z", "user": 1, "content_type": 23, "object_id": "102", "object_repr": "INV2A0747561, None , invoice", "action_flag": 3, "change_message": ""}}, {"model": "admin.logentry", "pk": 116, "fields": {"action_time": "2022-02-18T19:51:32.984Z", "user": 1, "content_type": 23, "object_id": "101", "object_repr": "INV30F5ABE51, None , invoice", "action_flag": 3, "change_message": ""}}, {"model": "admin.logentry", "pk": 117, "fields": {"action_time": "2022-02-18T19:51:32.993Z", "user": 1, "content_type": 23, "object_id": "100", "object_repr": "INV20F5ABE51, None , invoice", "action_flag": 3, "change_message": ""}}, {"model": "admin.logentry", "pk": 118, "fields": {"action_time": "2022-02-18T20:13:00.283Z", "user": 1, "content_type": 23, "object_id": "107", "object_repr": "INV3B04CF95A, None , invoice", "action_flag": 3, "change_message": ""}}, {"model": "admin.logentry", "pk": 119, "fields": {"action_time": "2022-02-18T20:13:00.298Z", "user": 1, "content_type": 23, "object_id": "106", "object_repr": "INV2B04CF95A, None , invoice", "action_flag": 3, "change_message": ""}}, {"model": "admin.logentry", "pk": 120, "fields": {"action_time": "2022-02-18T20:13:00.302Z", "user": 1, "content_type": 23, "object_id": "105", "object_repr": "INV3F36B1D6A, None , invoice", "action_flag": 3, "change_message": ""}}, {"model": "admin.logentry", "pk": 121, "fields": {"action_time": "2022-02-18T20:13:00.305Z", "user": 1, "content_type": 23, "object_id": "104", "object_repr": "INV2F36B1D6A, None , invoice", "action_flag": 3, "change_message": ""}}, {"model": "admin.logentry", "pk": 122, "fields": {"action_time": "2022-02-18T20:14:12.571Z", "user": 1, "content_type": 23, "object_id": "109", "object_repr": "INV38A377C71, None , invoice", "action_flag": 3, "change_message": ""}}, {"model": "admin.logentry", "pk": 123, "fields": {"action_time": "2022-02-18T20:14:12.582Z", "user": 1, "content_type": 23, "object_id": "108", "object_repr": "INV28A377C71, None , invoice", "action_flag": 3, "change_message": ""}}, {"model": "admin.logentry", "pk": 124, "fields": {"action_time": "2022-02-18T20:18:31.499Z", "user": 1, "content_type": 23, "object_id": "111", "object_repr": "INV348510AC3, None , invoice", "action_flag": 3, "change_message": ""}}, {"model": "admin.logentry", "pk": 125, "fields": {"action_time": "2022-02-18T20:18:31.526Z", "user": 1, "content_type": 23, "object_id": "110", "object_repr": "INV248510AC3, None , invoice", "action_flag": 3, "change_message": ""}}, {"model": "admin.logentry", "pk": 126, "fields": {"action_time": "2022-02-18T20:19:48.701Z", "user": 1, "content_type": 23, "object_id": "113", "object_repr": "INV36E4FF57B, None , invoice", "action_flag": 3, "change_message": ""}}, {"model": "admin.logentry", "pk": 127, "fields": {"action_time": "2022-02-18T20:19:48.711Z", "user": 1, "content_type": 23, "object_id": "112", "object_repr": "INV26E4FF57B, None , invoice", "action_flag": 3, "change_message": ""}}, {"model": "admin.logentry", "pk": 128, "fields": {"action_time": "2022-02-18T20:29:13.075Z", "user": 1, "content_type": 23, "object_id": "115", "object_repr": "INV3F4E7A7F5, None , invoice", "action_flag": 3, "change_message": ""}}, {"model": "admin.logentry", "pk": 129, "fields": {"action_time": "2022-02-18T20:29:13.105Z", "user": 1, "content_type": 23, "object_id": "114", "object_repr": "INV2F4E7A7F5, None , invoice", "action_flag": 3, "change_message": ""}}, {"model": "admin.logentry", "pk": 130, "fields": {"action_time": "2022-02-19T07:57:35.073Z", "user": 1, "content_type": 23, "object_id": "121", "object_repr": "INV3ACAD0E2A, None , invoice", "action_flag": 3, "change_message": ""}}, {"model": "admin.logentry", "pk": 131, "fields": {"action_time": "2022-02-19T07:57:35.082Z", "user": 1, "content_type": 23, "object_id": "120", "object_repr": "INV2ACAD0E2A, None , invoice", "action_flag": 3, "change_message": ""}}, {"model": "admin.logentry", "pk": 132, "fields": {"action_time": "2022-02-19T07:57:35.083Z", "user": 1, "content_type": 23, "object_id": "119", "object_repr": "INV3F2F7A64B, None , invoice", "action_flag": 3, "change_message": ""}}, {"model": "admin.logentry", "pk": 133, "fields": {"action_time": "2022-02-19T07:57:35.085Z", "user": 1, "content_type": 23, "object_id": "118", "object_repr": "INV2F2F7A64B, None , invoice", "action_flag": 3, "change_message": ""}}, {"model": "admin.logentry", "pk": 134, "fields": {"action_time": "2022-02-19T07:57:35.087Z", "user": 1, "content_type": 23, "object_id": "117", "object_repr": "INV3AAA2FCDC, None , invoice", "action_flag": 3, "change_message": ""}}, {"model": "admin.logentry", "pk": 135, "fields": {"action_time": "2022-02-19T07:57:35.089Z", "user": 1, "content_type": 23, "object_id": "116", "object_repr": "INV2AAA2FCDC, None , invoice", "action_flag": 3, "change_message": ""}}, {"model": "admin.logentry", "pk": 136, "fields": {"action_time": "2022-02-19T08:03:02.886Z", "user": 1, "content_type": 22, "object_id": "140", "object_repr": "Invoice object (140)", "action_flag": 2, "change_message": "[{\"changed\": {\"fields\": [\"Communication\"]}}]"}}, {"model": "admin.logentry", "pk": 137, "fields": {"action_time": "2022-02-19T08:03:08.775Z", "user": 1, "content_type": 22, "object_id": "141", "object_repr": "Invoice object (141)", "action_flag": 2, "change_message": "[{\"changed\": {\"fields\": [\"Communication\"]}}]"}}, {"model": "admin.logentry", "pk": 138, "fields": {"action_time": "2022-02-19T08:03:14.939Z", "user": 1, "content_type": 22, "object_id": "142", "object_repr": "Invoice object (142)", "action_flag": 2, "change_message": "[{\"changed\": {\"fields\": [\"Communication\"]}}]"}}, {"model": "admin.logentry", "pk": 139, "fields": {"action_time": "2022-02-19T08:03:19.449Z", "user": 1, "content_type": 22, "object_id": "143", "object_repr": "Invoice object (143)", "action_flag": 2, "change_message": "[{\"changed\": {\"fields\": [\"Communication\"]}}]"}}, {"model": "admin.logentry", "pk": 140, "fields": {"action_time": "2022-02-19T08:03:26.106Z", "user": 1, "content_type": 22, "object_id": "144", "object_repr": "Invoice object (144)", "action_flag": 2, "change_message": "[{\"changed\": {\"fields\": [\"Communication\"]}}]"}}, {"model": "admin.logentry", "pk": 141, "fields": {"action_time": "2022-02-19T09:07:38.066Z", "user": 1, "content_type": 34, "object_id": "40", "object_repr": "Type:invoice,Subject:Invoice", "action_flag": 3, "change_message": ""}}, {"model": "admin.logentry", "pk": 142, "fields": {"action_time": "2022-02-19T09:07:38.095Z", "user": 1, "content_type": 34, "object_id": "39", "object_repr": "Type:invoice,Subject:Invoice", "action_flag": 3, "change_message": ""}}, {"model": "admin.logentry", "pk": 143, "fields": {"action_time": "2022-02-19T09:07:38.097Z", "user": 1, "content_type": 34, "object_id": "38", "object_repr": "Type:invoice,Subject:Invoice", "action_flag": 3, "change_message": ""}}, {"model": "admin.logentry", "pk": 144, "fields": {"action_time": "2022-02-19T09:07:38.099Z", "user": 1, "content_type": 34, "object_id": "37", "object_repr": "Type:invoice,Subject:Invoice", "action_flag": 3, "change_message": ""}}, {"model": "admin.logentry", "pk": 145, "fields": {"action_time": "2022-02-19T09:07:38.102Z", "user": 1, "content_type": 34, "object_id": "36", "object_repr": "Type:invoice,Subject:Invoice", "action_flag": 3, "change_message": ""}}, {"model": "admin.logentry", "pk": 146, "fields": {"action_time": "2022-02-19T09:07:38.104Z", "user": 1, "content_type": 34, "object_id": "35", "object_repr": "Type:invoice,Subject:Invoice", "action_flag": 3, "change_message": ""}}, {"model": "admin.logentry", "pk": 147, "fields": {"action_time": "2022-02-19T09:07:38.106Z", "user": 1, "content_type": 34, "object_id": "34", "object_repr": "Type:invoice,Subject:Invoice", "action_flag": 3, "change_message": ""}}, {"model": "admin.logentry", "pk": 148, "fields": {"action_time": "2022-02-19T09:07:38.108Z", "user": 1, "content_type": 34, "object_id": "33", "object_repr": "Type:invoice,Subject:Invoice", "action_flag": 3, "change_message": ""}}, {"model": "admin.logentry", "pk": 149, "fields": {"action_time": "2022-02-19T09:07:38.110Z", "user": 1, "content_type": 34, "object_id": "32", "object_repr": "Type:invoice,Subject:Invoice", "action_flag": 3, "change_message": ""}}, {"model": "admin.logentry", "pk": 150, "fields": {"action_time": "2022-02-19T09:07:38.111Z", "user": 1, "content_type": 34, "object_id": "31", "object_repr": "Type:invoice,Subject:Invoice", "action_flag": 3, "change_message": ""}}, {"model": "admin.logentry", "pk": 151, "fields": {"action_time": "2022-02-19T09:07:38.113Z", "user": 1, "content_type": 34, "object_id": "30", "object_repr": "Type:invoice,Subject:Invoice", "action_flag": 3, "change_message": ""}}, {"model": "admin.logentry", "pk": 152, "fields": {"action_time": "2022-02-19T09:07:53.789Z", "user": 1, "content_type": 23, "object_id": "125", "object_repr": "INV3263E019F, None , invoice", "action_flag": 3, "change_message": ""}}, {"model": "admin.logentry", "pk": 153, "fields": {"action_time": "2022-02-19T09:07:53.794Z", "user": 1, "content_type": 23, "object_id": "124", "object_repr": "INV2263E019F, None , invoice", "action_flag": 3, "change_message": ""}}, {"model": "admin.logentry", "pk": 154, "fields": {"action_time": "2022-02-19T09:07:53.797Z", "user": 1, "content_type": 23, "object_id": "123", "object_repr": "INV37416D6EB, None , invoice", "action_flag": 3, "change_message": ""}}, {"model": "admin.logentry", "pk": 155, "fields": {"action_time": "2022-02-19T09:07:53.800Z", "user": 1, "content_type": 23, "object_id": "122", "object_repr": "INV27416D6EB, None , invoice", "action_flag": 3, "change_message": ""}}, {"model": "admin.logentry", "pk": 156, "fields": {"action_time": "2022-02-19T14:33:37.651Z", "user": 1, "content_type": 16, "object_id": "11", "object_repr": "Bill gates house H fixed period", "action_flag": 2, "change_message": "[{\"changed\": {\"fields\": [\"Active\"]}}]"}}, {"model": "admin.logentry", "pk": 157, "fields": {"action_time": "2022-02-19T14:35:31.044Z", "user": 1, "content_type": 16, "object_id": "11", "object_repr": "Bill gates house H fixed period", "action_flag": 2, "change_message": "[{\"changed\": {\"fields\": [\"End date\"]}}]"}}, {"model": "admin.logentry", "pk": 158, "fields": {"action_time": "2022-02-19T14:35:59.997Z", "user": 1, "content_type": 16, "object_id": "11", "object_repr": "Bill gates house H fixed period", "action_flag": 2, "change_message": "[{\"changed\": {\"fields\": [\"End date\"]}}]"}}, {"model": "admin.logentry", "pk": 159, "fields": {"action_time": "2022-02-19T14:37:11.311Z", "user": 1, "content_type": 16, "object_id": "11", "object_repr": "Bill gates house H fixed period", "action_flag": 2, "change_message": "[{\"changed\": {\"fields\": [\"End date\"]}}]"}}, {"model": "admin.logentry", "pk": 160, "fields": {"action_time": "2022-02-19T14:38:05.561Z", "user": 1, "content_type": 16, "object_id": "11", "object_repr": "Bill gates house H fixed period", "action_flag": 2, "change_message": "[{\"changed\": {\"fields\": [\"End date\"]}}]"}}, {"model": "admin.logentry", "pk": 161, "fields": {"action_time": "2022-02-19T14:38:21.725Z", "user": 1, "content_type": 16, "object_id": "11", "object_repr": "Bill gates house H fixed period", "action_flag": 2, "change_message": "[{\"changed\": {\"fields\": [\"End date\"]}}]"}}, {"model": "admin.logentry", "pk": 162, "fields": {"action_time": "2022-02-19T14:39:41.151Z", "user": 1, "content_type": 16, "object_id": "11", "object_repr": "Bill gates house H fixed period", "action_flag": 2, "change_message": "[{\"changed\": {\"fields\": [\"End date\"]}}]"}}, {"model": "admin.logentry", "pk": 163, "fields": {"action_time": "2022-02-19T14:53:17.549Z", "user": 1, "content_type": 16, "object_id": "11", "object_repr": "Bill gates house H fixed period", "action_flag": 2, "change_message": "[{\"changed\": {\"fields\": [\"End lease notice\"]}}]"}}, {"model": "admin.logentry", "pk": 164, "fields": {"action_time": "2022-02-19T14:53:23.945Z", "user": 1, "content_type": 16, "object_id": "3", "object_repr": "Zoe saldana house B fixed period", "action_flag": 2, "change_message": "[{\"changed\": {\"fields\": [\"End lease notice\"]}}]"}}, {"model": "admin.logentry", "pk": 165, "fields": {"action_time": "2022-02-19T14:53:30.755Z", "user": 1, "content_type": 16, "object_id": "1", "object_repr": "elon musk unit 6 fixed period", "action_flag": 2, "change_message": "[{\"changed\": {\"fields\": [\"End lease notice\"]}}]"}}, {"model": "admin.logentry", "pk": 166, "fields": {"action_time": "2022-02-19T14:53:41.495Z", "user": 1, "content_type": 35, "object_id": "6", "object_repr": "Notification object (6)", "action_flag": 3, "change_message": ""}}, {"model": "admin.logentry", "pk": 167, "fields": {"action_time": "2022-02-19T14:53:41.505Z", "user": 1, "content_type": 35, "object_id": "5", "object_repr": "Notification object (5)", "action_flag": 3, "change_message": ""}}, {"model": "admin.logentry", "pk": 168, "fields": {"action_time": "2022-02-19T14:53:41.508Z", "user": 1, "content_type": 35, "object_id": "4", "object_repr": "Notification object (4)", "action_flag": 3, "change_message": ""}}, {"model": "admin.logentry", "pk": 169, "fields": {"action_time": "2022-02-19T15:00:49.391Z", "user": 1, "content_type": 16, "object_id": "11", "object_repr": "Bill gates house H fixed period", "action_flag": 2, "change_message": "[{\"changed\": {\"fields\": [\"End lease notice\"]}}]"}}, {"model": "admin.logentry", "pk": 170, "fields": {"action_time": "2022-02-19T15:00:54.899Z", "user": 1, "content_type": 16, "object_id": "3", "object_repr": "Zoe saldana house B fixed period", "action_flag": 2, "change_message": "[{\"changed\": {\"fields\": [\"End lease notice\"]}}]"}}, {"model": "admin.logentry", "pk": 171, "fields": {"action_time": "2022-02-19T15:01:02.273Z", "user": 1, "content_type": 16, "object_id": "1", "object_repr": "elon musk unit 6 fixed period", "action_flag": 2, "change_message": "[{\"changed\": {\"fields\": [\"End lease notice\"]}}]"}}, {"model": "admin.logentry", "pk": 172, "fields": {"action_time": "2022-02-19T15:01:37.588Z", "user": 1, "content_type": 35, "object_id": "8", "object_repr": "Notification object (8)", "action_flag": 3, "change_message": ""}}, {"model": "admin.logentry", "pk": 173, "fields": {"action_time": "2022-02-19T15:01:37.598Z", "user": 1, "content_type": 35, "object_id": "7", "object_repr": "Notification object (7)", "action_flag": 3, "change_message": ""}}, {"model": "admin.logentry", "pk": 174, "fields": {"action_time": "2022-02-19T15:01:37.601Z", "user": 1, "content_type": 35, "object_id": "9", "object_repr": "Notification object (9)", "action_flag": 3, "change_message": ""}}, {"model": "admin.logentry", "pk": 175, "fields": {"action_time": "2022-02-19T15:28:33.675Z", "user": 1, "content_type": 35, "object_id": "12", "object_repr": "Notification object (12)", "action_flag": 3, "change_message": ""}}, {"model": "admin.logentry", "pk": 176, "fields": {"action_time": "2022-02-19T15:28:33.704Z", "user": 1, "content_type": 35, "object_id": "11", "object_repr": "Notification object (11)", "action_flag": 3, "change_message": ""}}, {"model": "admin.logentry", "pk": 177, "fields": {"action_time": "2022-02-19T15:28:33.707Z", "user": 1, "content_type": 35, "object_id": "10", "object_repr": "Notification object (10)", "action_flag": 3, "change_message": ""}}, {"model": "admin.logentry", "pk": 178, "fields": {"action_time": "2022-02-19T15:28:55.206Z", "user": 1, "content_type": 16, "object_id": "11", "object_repr": "Bill gates house H fixed period", "action_flag": 2, "change_message": "[{\"changed\": {\"fields\": [\"End lease notice\"]}}]"}}, {"model": "admin.logentry", "pk": 179, "fields": {"action_time": "2022-02-19T15:29:00.530Z", "user": 1, "content_type": 16, "object_id": "3", "object_repr": "Zoe saldana house B fixed period", "action_flag": 2, "change_message": "[{\"changed\": {\"fields\": [\"End lease notice\"]}}]"}}, {"model": "admin.logentry", "pk": 180, "fields": {"action_time": "2022-02-19T15:29:10.099Z", "user": 1, "content_type": 16, "object_id": "1", "object_repr": "elon musk unit 6 fixed period", "action_flag": 2, "change_message": "[{\"changed\": {\"fields\": [\"End lease notice\"]}}]"}}, {"model": "admin.logentry", "pk": 181, "fields": {"action_time": "2022-02-19T15:32:56.723Z", "user": 1, "content_type": 35, "object_id": "18", "object_repr": "Notification object (18)", "action_flag": 3, "change_message": ""}}, {"model": "admin.logentry", "pk": 182, "fields": {"action_time": "2022-02-19T15:32:56.729Z", "user": 1, "content_type": 35, "object_id": "17", "object_repr": "Notification object (17)", "action_flag": 3, "change_message": ""}}, {"model": "admin.logentry", "pk": 183, "fields": {"action_time": "2022-02-19T15:32:56.730Z", "user": 1, "content_type": 35, "object_id": "16", "object_repr": "Notification object (16)", "action_flag": 3, "change_message": ""}}, {"model": "admin.logentry", "pk": 184, "fields": {"action_time": "2022-02-19T15:32:56.732Z", "user": 1, "content_type": 35, "object_id": "15", "object_repr": "Notification object (15)", "action_flag": 3, "change_message": ""}}, {"model": "admin.logentry", "pk": 185, "fields": {"action_time": "2022-02-19T15:32:56.734Z", "user": 1, "content_type": 35, "object_id": "14", "object_repr": "Notification object (14)", "action_flag": 3, "change_message": ""}}, {"model": "admin.logentry", "pk": 186, "fields": {"action_time": "2022-02-19T15:32:56.736Z", "user": 1, "content_type": 35, "object_id": "13", "object_repr": "Notification object (13)", "action_flag": 3, "change_message": ""}}, {"model": "admin.logentry", "pk": 187, "fields": {"action_time": "2022-02-19T15:33:36.553Z", "user": 1, "content_type": 16, "object_id": "11", "object_repr": "Bill gates house H fixed period", "action_flag": 2, "change_message": "[{\"changed\": {\"fields\": [\"End lease notice\"]}}]"}}, {"model": "admin.logentry", "pk": 188, "fields": {"action_time": "2022-02-19T15:33:45.761Z", "user": 1, "content_type": 16, "object_id": "3", "object_repr": "Zoe saldana house B fixed period", "action_flag": 2, "change_message": "[{\"changed\": {\"fields\": [\"End lease notice\"]}}]"}}, {"model": "admin.logentry", "pk": 189, "fields": {"action_time": "2022-02-19T15:34:17.296Z", "user": 1, "content_type": 16, "object_id": "1", "object_repr": "elon musk unit 6 fixed period", "action_flag": 2, "change_message": "[{\"changed\": {\"fields\": [\"End lease notice\"]}}]"}}, {"model": "admin.logentry", "pk": 190, "fields": {"action_time": "2022-02-19T17:59:51.341Z", "user": 1, "content_type": 35, "object_id": "3", "object_repr": "Notification object (3)", "action_flag": 3, "change_message": ""}}, {"model": "admin.logentry", "pk": 191, "fields": {"action_time": "2022-02-19T17:59:51.352Z", "user": 1, "content_type": 35, "object_id": "2", "object_repr": "Notification object (2)", "action_flag": 3, "change_message": ""}}, {"model": "admin.logentry", "pk": 192, "fields": {"action_time": "2022-02-19T17:59:51.352Z", "user": 1, "content_type": 35, "object_id": "1", "object_repr": "Notification object (1)", "action_flag": 3, "change_message": ""}}, {"model": "admin.logentry", "pk": 193, "fields": {"action_time": "2022-02-19T19:10:17.555Z", "user": 1, "content_type": 16, "object_id": "11", "object_repr": "Bill gates house H fixed period", "action_flag": 2, "change_message": "[{\"changed\": {\"fields\": [\"End lease notice\"]}}]"}}, {"model": "admin.logentry", "pk": 194, "fields": {"action_time": "2022-02-19T19:10:25.736Z", "user": 1, "content_type": 16, "object_id": "3", "object_repr": "Zoe saldana house B fixed period", "action_flag": 2, "change_message": "[{\"changed\": {\"fields\": [\"End lease notice\"]}}]"}}, {"model": "admin.logentry", "pk": 195, "fields": {"action_time": "2022-02-19T19:10:32.768Z", "user": 1, "content_type": 16, "object_id": "2", "object_repr": "Ana Omenda house A fixed period", "action_flag": 2, "change_message": "[]"}}, {"model": "admin.logentry", "pk": 196, "fields": {"action_time": "2022-02-19T19:10:39.727Z", "user": 1, "content_type": 16, "object_id": "1", "object_repr": "elon musk unit 6 fixed period", "action_flag": 2, "change_message": "[{\"changed\": {\"fields\": [\"End lease notice\"]}}]"}}, {"model": "admin.logentry", "pk": 197, "fields": {"action_time": "2022-02-19T19:10:50.510Z", "user": 1, "content_type": 35, "object_id": "21", "object_repr": "Notification object (21)", "action_flag": 3, "change_message": ""}}, {"model": "admin.logentry", "pk": 198, "fields": {"action_time": "2022-02-19T19:10:50.518Z", "user": 1, "content_type": 35, "object_id": "20", "object_repr": "Notification object (20)", "action_flag": 3, "change_message": ""}}, {"model": "admin.logentry", "pk": 199, "fields": {"action_time": "2022-02-19T19:10:50.520Z", "user": 1, "content_type": 35, "object_id": "19", "object_repr": "Notification object (19)", "action_flag": 3, "change_message": ""}}, {"model": "admin.logentry", "pk": 200, "fields": {"action_time": "2022-02-19T19:14:17.381Z", "user": 1, "content_type": 35, "object_id": "24", "object_repr": "Notification object (24)", "action_flag": 3, "change_message": ""}}, {"model": "admin.logentry", "pk": 201, "fields": {"action_time": "2022-02-19T19:14:17.387Z", "user": 1, "content_type": 35, "object_id": "23", "object_repr": "Notification object (23)", "action_flag": 3, "change_message": ""}}, {"model": "admin.logentry", "pk": 202, "fields": {"action_time": "2022-02-19T19:14:17.390Z", "user": 1, "content_type": 35, "object_id": "22", "object_repr": "Notification object (22)", "action_flag": 3, "change_message": ""}}, {"model": "admin.logentry", "pk": 203, "fields": {"action_time": "2022-02-20T09:51:52.114Z", "user": 1, "content_type": 31, "object_id": "1", "object_repr": "josephdisraeli", "action_flag": 2, "change_message": "[{\"changed\": {\"fields\": [\"Notifications\"]}}]"}}, {"model": "admin.logentry", "pk": 204, "fields": {"action_time": "2022-02-20T09:51:52.136Z", "user": 1, "content_type": 31, "object_id": "1", "object_repr": "josephdisraeli", "action_flag": 2, "change_message": "[]"}}, {"model": "admin.logentry", "pk": 205, "fields": {"action_time": "2022-02-20T09:52:04.577Z", "user": 1, "content_type": 31, "object_id": "2", "object_repr": "disraeli", "action_flag": 2, "change_message": "[{\"changed\": {\"fields\": [\"Notifications\"]}}]"}}, {"model": "admin.logentry", "pk": 206, "fields": {"action_time": "2022-02-20T09:52:12.754Z", "user": 1, "content_type": 31, "object_id": "3", "object_repr": "josewylde", "action_flag": 2, "change_message": "[{\"changed\": {\"fields\": [\"Notifications\"]}}]"}}, {"model": "admin.logentry", "pk": 207, "fields": {"action_time": "2022-02-20T09:52:12.789Z", "user": 1, "content_type": 31, "object_id": "3", "object_repr": "josewylde", "action_flag": 2, "change_message": "[]"}}, {"model": "admin.logentry", "pk": 208, "fields": {"action_time": "2022-02-20T09:56:58.399Z", "user": 1, "content_type": 35, "object_id": "66", "object_repr": "Notification object (66)", "action_flag": 3, "change_message": ""}}, {"model": "admin.logentry", "pk": 209, "fields": {"action_time": "2022-02-20T09:56:58.405Z", "user": 1, "content_type": 35, "object_id": "65", "object_repr": "Notification object (65)", "action_flag": 3, "change_message": ""}}, {"model": "admin.logentry", "pk": 210, "fields": {"action_time": "2022-02-20T09:56:58.406Z", "user": 1, "content_type": 35, "object_id": "64", "object_repr": "Notification object (64)", "action_flag": 3, "change_message": ""}}, {"model": "admin.logentry", "pk": 211, "fields": {"action_time": "2022-02-20T09:56:58.409Z", "user": 1, "content_type": 35, "object_id": "63", "object_repr": "Notification object (63)", "action_flag": 3, "change_message": ""}}, {"model": "admin.logentry", "pk": 212, "fields": {"action_time": "2022-02-20T09:56:58.410Z", "user": 1, "content_type": 35, "object_id": "62", "object_repr": "Notification object (62)", "action_flag": 3, "change_message": ""}}, {"model": "admin.logentry", "pk": 213, "fields": {"action_time": "2022-02-20T09:56:58.413Z", "user": 1, "content_type": 35, "object_id": "61", "object_repr": "Notification object (61)", "action_flag": 3, "change_message": ""}}, {"model": "admin.logentry", "pk": 214, "fields": {"action_time": "2022-02-20T09:56:58.414Z", "user": 1, "content_type": 35, "object_id": "60", "object_repr": "Notification object (60)", "action_flag": 3, "change_message": ""}}, {"model": "admin.logentry", "pk": 215, "fields": {"action_time": "2022-02-20T09:56:58.416Z", "user": 1, "content_type": 35, "object_id": "59", "object_repr": "Notification object (59)", "action_flag": 3, "change_message": ""}}, {"model": "admin.logentry", "pk": 216, "fields": {"action_time": "2022-02-20T09:56:58.418Z", "user": 1, "content_type": 35, "object_id": "58", "object_repr": "Notification object (58)", "action_flag": 3, "change_message": ""}}, {"model": "admin.logentry", "pk": 217, "fields": {"action_time": "2022-02-20T09:56:58.420Z", "user": 1, "content_type": 35, "object_id": "57", "object_repr": "Notification object (57)", "action_flag": 3, "change_message": ""}}, {"model": "admin.logentry", "pk": 218, "fields": {"action_time": "2022-02-20T09:56:58.422Z", "user": 1, "content_type": 35, "object_id": "56", "object_repr": "Notification object (56)", "action_flag": 3, "change_message": ""}}, {"model": "admin.logentry", "pk": 219, "fields": {"action_time": "2022-02-20T09:56:58.423Z", "user": 1, "content_type": 35, "object_id": "55", "object_repr": "Notification object (55)", "action_flag": 3, "change_message": ""}}, {"model": "admin.logentry", "pk": 220, "fields": {"action_time": "2022-02-20T09:56:58.425Z", "user": 1, "content_type": 35, "object_id": "54", "object_repr": "Notification object (54)", "action_flag": 3, "change_message": ""}}, {"model": "admin.logentry", "pk": 221, "fields": {"action_time": "2022-02-20T09:56:58.427Z", "user": 1, "content_type": 35, "object_id": "53", "object_repr": "Notification object (53)", "action_flag": 3, "change_message": ""}}, {"model": "admin.logentry", "pk": 222, "fields": {"action_time": "2022-02-20T09:56:58.428Z", "user": 1, "content_type": 35, "object_id": "52", "object_repr": "Notification object (52)", "action_flag": 3, "change_message": ""}}, {"model": "admin.logentry", "pk": 223, "fields": {"action_time": "2022-02-20T09:56:58.430Z", "user": 1, "content_type": 35, "object_id": "51", "object_repr": "Notification object (51)", "action_flag": 3, "change_message": ""}}, {"model": "admin.logentry", "pk": 224, "fields": {"action_time": "2022-02-20T09:56:58.431Z", "user": 1, "content_type": 35, "object_id": "50", "object_repr": "Notification object (50)", "action_flag": 3, "change_message": ""}}, {"model": "admin.logentry", "pk": 225, "fields": {"action_time": "2022-02-20T09:56:58.433Z", "user": 1, "content_type": 35, "object_id": "49", "object_repr": "Notification object (49)", "action_flag": 3, "change_message": ""}}, {"model": "admin.logentry", "pk": 226, "fields": {"action_time": "2022-02-20T09:56:58.435Z", "user": 1, "content_type": 35, "object_id": "48", "object_repr": "Notification object (48)", "action_flag": 3, "change_message": ""}}, {"model": "admin.logentry", "pk": 227, "fields": {"action_time": "2022-02-20T09:56:58.436Z", "user": 1, "content_type": 35, "object_id": "47", "object_repr": "Notification object (47)", "action_flag": 3, "change_message": ""}}, {"model": "admin.logentry", "pk": 228, "fields": {"action_time": "2022-02-20T09:56:58.438Z", "user": 1, "content_type": 35, "object_id": "46", "object_repr": "Notification object (46)", "action_flag": 3, "change_message": ""}}, {"model": "admin.logentry", "pk": 229, "fields": {"action_time": "2022-02-20T09:56:58.441Z", "user": 1, "content_type": 35, "object_id": "45", "object_repr": "Notification object (45)", "action_flag": 3, "change_message": ""}}, {"model": "admin.logentry", "pk": 230, "fields": {"action_time": "2022-02-20T09:56:58.442Z", "user": 1, "content_type": 35, "object_id": "44", "object_repr": "Notification object (44)", "action_flag": 3, "change_message": ""}}, {"model": "admin.logentry", "pk": 231, "fields": {"action_time": "2022-02-20T09:56:58.444Z", "user": 1, "content_type": 35, "object_id": "43", "object_repr": "Notification object (43)", "action_flag": 3, "change_message": ""}}, {"model": "admin.logentry", "pk": 232, "fields": {"action_time": "2022-02-20T09:56:58.445Z", "user": 1, "content_type": 35, "object_id": "42", "object_repr": "Notification object (42)", "action_flag": 3, "change_message": ""}}, {"model": "admin.logentry", "pk": 233, "fields": {"action_time": "2022-02-20T09:56:58.447Z", "user": 1, "content_type": 35, "object_id": "41", "object_repr": "Notification object (41)", "action_flag": 3, "change_message": ""}}, {"model": "admin.logentry", "pk": 234, "fields": {"action_time": "2022-02-20T09:56:58.449Z", "user": 1, "content_type": 35, "object_id": "40", "object_repr": "Notification object (40)", "action_flag": 3, "change_message": ""}}, {"model": "admin.logentry", "pk": 235, "fields": {"action_time": "2022-02-20T09:56:58.450Z", "user": 1, "content_type": 35, "object_id": "39", "object_repr": "Notification object (39)", "action_flag": 3, "change_message": ""}}, {"model": "admin.logentry", "pk": 236, "fields": {"action_time": "2022-02-20T09:56:58.452Z", "user": 1, "content_type": 35, "object_id": "38", "object_repr": "Notification object (38)", "action_flag": 3, "change_message": ""}}, {"model": "admin.logentry", "pk": 237, "fields": {"action_time": "2022-02-20T09:56:58.454Z", "user": 1, "content_type": 35, "object_id": "37", "object_repr": "Notification object (37)", "action_flag": 3, "change_message": ""}}, {"model": "admin.logentry", "pk": 238, "fields": {"action_time": "2022-02-20T09:56:58.456Z", "user": 1, "content_type": 35, "object_id": "36", "object_repr": "Notification object (36)", "action_flag": 3, "change_message": ""}}, {"model": "admin.logentry", "pk": 239, "fields": {"action_time": "2022-02-20T09:56:58.458Z", "user": 1, "content_type": 35, "object_id": "35", "object_repr": "Notification object (35)", "action_flag": 3, "change_message": ""}}, {"model": "admin.logentry", "pk": 240, "fields": {"action_time": "2022-02-20T09:56:58.460Z", "user": 1, "content_type": 35, "object_id": "34", "object_repr": "Notification object (34)", "action_flag": 3, "change_message": ""}}, {"model": "admin.logentry", "pk": 241, "fields": {"action_time": "2022-02-20T09:56:58.462Z", "user": 1, "content_type": 35, "object_id": "33", "object_repr": "Notification object (33)", "action_flag": 3, "change_message": ""}}, {"model": "admin.logentry", "pk": 242, "fields": {"action_time": "2022-02-20T09:56:58.464Z", "user": 1, "content_type": 35, "object_id": "32", "object_repr": "Notification object (32)", "action_flag": 3, "change_message": ""}}, {"model": "admin.logentry", "pk": 243, "fields": {"action_time": "2022-02-20T09:56:58.465Z", "user": 1, "content_type": 35, "object_id": "31", "object_repr": "Notification object (31)", "action_flag": 3, "change_message": ""}}, {"model": "admin.logentry", "pk": 244, "fields": {"action_time": "2022-02-20T09:56:58.467Z", "user": 1, "content_type": 35, "object_id": "30", "object_repr": "Notification object (30)", "action_flag": 3, "change_message": ""}}, {"model": "admin.logentry", "pk": 245, "fields": {"action_time": "2022-02-20T09:56:58.468Z", "user": 1, "content_type": 35, "object_id": "29", "object_repr": "Notification object (29)", "action_flag": 3, "change_message": ""}}, {"model": "admin.logentry", "pk": 246, "fields": {"action_time": "2022-02-20T09:56:58.469Z", "user": 1, "content_type": 35, "object_id": "28", "object_repr": "Notification object (28)", "action_flag": 3, "change_message": ""}}, {"model": "admin.logentry", "pk": 247, "fields": {"action_time": "2022-02-20T09:56:58.471Z", "user": 1, "content_type": 35, "object_id": "27", "object_repr": "Notification object (27)", "action_flag": 3, "change_message": ""}}, {"model": "admin.logentry", "pk": 248, "fields": {"action_time": "2022-02-20T09:56:58.473Z", "user": 1, "content_type": 35, "object_id": "26", "object_repr": "Notification object (26)", "action_flag": 3, "change_message": ""}}, {"model": "admin.logentry", "pk": 249, "fields": {"action_time": "2022-02-20T09:56:58.474Z", "user": 1, "content_type": 35, "object_id": "25", "object_repr": "Notification object (25)", "action_flag": 3, "change_message": ""}}, {"model": "admin.logentry", "pk": 250, "fields": {"action_time": "2022-02-20T09:57:46.750Z", "user": 1, "content_type": 16, "object_id": "11", "object_repr": "Bill gates house H fixed period", "action_flag": 2, "change_message": "[{\"changed\": {\"fields\": [\"End lease notice\"]}}]"}}, {"model": "admin.logentry", "pk": 251, "fields": {"action_time": "2022-02-20T09:57:52.342Z", "user": 1, "content_type": 16, "object_id": "3", "object_repr": "Zoe saldana house B fixed period", "action_flag": 2, "change_message": "[{\"changed\": {\"fields\": [\"End lease notice\"]}}]"}}, {"model": "admin.logentry", "pk": 252, "fields": {"action_time": "2022-02-20T09:57:52.365Z", "user": 1, "content_type": 16, "object_id": "3", "object_repr": "Zoe saldana house B fixed period", "action_flag": 2, "change_message": "[{\"changed\": {\"fields\": [\"End lease notice\"]}}]"}}, {"model": "admin.logentry", "pk": 253, "fields": {"action_time": "2022-02-20T09:57:57.833Z", "user": 1, "content_type": 16, "object_id": "1", "object_repr": "elon musk unit 6 fixed period", "action_flag": 2, "change_message": "[{\"changed\": {\"fields\": [\"End lease notice\"]}}]"}}, {"model": "admin.logentry", "pk": 254, "fields": {"action_time": "2022-02-20T21:32:06.472Z", "user": 1, "content_type": 31, "object_id": "3", "object_repr": "josewylde", "action_flag": 2, "change_message": "[{\"changed\": {\"fields\": [\"Is tenant\", \"Is employee\"]}}]"}}, {"model": "admin.logentry", "pk": 255, "fields": {"action_time": "2022-02-21T08:58:53.343Z", "user": 1, "content_type": 31, "object_id": "3", "object_repr": "josewylde", "action_flag": 2, "change_message": "[{\"changed\": {\"fields\": [\"Is tenant\", \"Is employee\"]}}]"}}, {"model": "admin.logentry", "pk": 256, "fields": {"action_time": "2022-02-21T16:53:39.933Z", "user": 1, "content_type": 23, "object_id": "88", "object_repr": "None, DEB1668016CC , debit note", "action_flag": 3, "change_message": ""}}, {"model": "admin.logentry", "pk": 257, "fields": {"action_time": "2022-02-21T16:53:39.968Z", "user": 1, "content_type": 23, "object_id": "67", "object_repr": "None, DEB366D9DF62 , debit note", "action_flag": 3, "change_message": ""}}, {"model": "admin.logentry", "pk": 258, "fields": {"action_time": "2022-02-21T16:53:39.971Z", "user": 1, "content_type": 23, "object_id": "62", "object_repr": "None, DEB2ECC4C459 , debit note", "action_flag": 3, "change_message": ""}}, {"model": "admin.logentry", "pk": 259, "fields": {"action_time": "2022-02-21T16:54:05.803Z", "user": 1, "content_type": 23, "object_id": "85", "object_repr": "None, RCPT2A8718847 , payment", "action_flag": 3, "change_message": ""}}, {"model": "admin.logentry", "pk": 260, "fields": {"action_time": "2022-02-21T16:54:05.811Z", "user": 1, "content_type": 23, "object_id": "84", "object_repr": "None, RCPT2E564057D , payment", "action_flag": 3, "change_message": ""}}, {"model": "admin.logentry", "pk": 261, "fields": {"action_time": "2022-02-21T16:54:05.812Z", "user": 1, "content_type": 23, "object_id": "83", "object_repr": "None, RCPT3F864DB82 , payment", "action_flag": 3, "change_message": ""}}, {"model": "admin.logentry", "pk": 262, "fields": {"action_time": "2022-02-21T16:54:05.814Z", "user": 1, "content_type": 23, "object_id": "64", "object_repr": "None, RCPT30B298D60 , payment", "action_flag": 3, "change_message": ""}}, {"model": "admin.logentry", "pk": 263, "fields": {"action_time": "2022-02-21T16:54:05.816Z", "user": 1, "content_type": 23, "object_id": "61", "object_repr": "None, RCPT1E316800D , payment", "action_flag": 3, "change_message": ""}}, {"model": "admin.logentry", "pk": 264, "fields": {"action_time": "2022-02-21T16:54:05.818Z", "user": 1, "content_type": 23, "object_id": "89", "object_repr": "None, RCPT187D2DF37 , payment", "action_flag": 3, "change_message": ""}}, {"model": "admin.logentry", "pk": 265, "fields": {"action_time": "2022-02-21T16:54:05.820Z", "user": 1, "content_type": 23, "object_id": "59", "object_repr": "None, RCPT2281C2CF5 , payment", "action_flag": 3, "change_message": ""}}, {"model": "admin.logentry", "pk": 266, "fields": {"action_time": "2022-02-21T18:49:43.165Z", "user": 1, "content_type": 35, "object_id": "69", "object_repr": "Notification object (69)", "action_flag": 3, "change_message": ""}}, {"model": "admin.logentry", "pk": 267, "fields": {"action_time": "2022-02-21T18:49:43.189Z", "user": 1, "content_type": 35, "object_id": "69", "object_repr": "Notification object (69)", "action_flag": 3, "change_message": ""}}, {"model": "admin.logentry", "pk": 268, "fields": {"action_time": "2022-02-21T18:49:43.197Z", "user": 1, "content_type": 35, "object_id": "68", "object_repr": "Notification object (68)", "action_flag": 3, "change_message": ""}}, {"model": "admin.logentry", "pk": 269, "fields": {"action_time": "2022-02-21T18:49:43.205Z", "user": 1, "content_type": 35, "object_id": "68", "object_repr": "Notification object (68)", "action_flag": 3, "change_message": ""}}, {"model": "admin.logentry", "pk": 270, "fields": {"action_time": "2022-02-21T18:49:43.205Z", "user": 1, "content_type": 35, "object_id": "67", "object_repr": "Notification object (67)", "action_flag": 3, "change_message": ""}}, {"model": "admin.logentry", "pk": 271, "fields": {"action_time": "2022-02-21T18:49:43.205Z", "user": 1, "content_type": 35, "object_id": "72", "object_repr": "Notification object (72)", "action_flag": 3, "change_message": ""}}, {"model": "admin.logentry", "pk": 272, "fields": {"action_time": "2022-02-21T18:49:43.205Z", "user": 1, "content_type": 35, "object_id": "67", "object_repr": "Notification object (67)", "action_flag": 3, "change_message": ""}}, {"model": "admin.logentry", "pk": 273, "fields": {"action_time": "2022-02-21T18:49:43.213Z", "user": 1, "content_type": 35, "object_id": "71", "object_repr": "Notification object (71)", "action_flag": 3, "change_message": ""}}, {"model": "admin.logentry", "pk": 274, "fields": {"action_time": "2022-02-21T18:49:43.213Z", "user": 1, "content_type": 35, "object_id": "72", "object_repr": "Notification object (72)", "action_flag": 3, "change_message": ""}}, {"model": "admin.logentry", "pk": 275, "fields": {"action_time": "2022-02-21T18:49:43.213Z", "user": 1, "content_type": 35, "object_id": "70", "object_repr": "Notification object (70)", "action_flag": 3, "change_message": ""}}, {"model": "admin.logentry", "pk": 276, "fields": {"action_time": "2022-02-21T18:49:43.213Z", "user": 1, "content_type": 35, "object_id": "71", "object_repr": "Notification object (71)", "action_flag": 3, "change_message": ""}}, {"model": "admin.logentry", "pk": 277, "fields": {"action_time": "2022-02-21T18:49:43.213Z", "user": 1, "content_type": 35, "object_id": "70", "object_repr": "Notification object (70)", "action_flag": 3, "change_message": ""}}, {"model": "admin.logentry", "pk": 278, "fields": {"action_time": "2022-02-22T10:22:38.946Z", "user": 1, "content_type": 23, "object_id": "135", "object_repr": "None, DEB37F976B67 , debit note", "action_flag": 3, "change_message": ""}}, {"model": "admin.logentry", "pk": 279, "fields": {"action_time": "2022-02-22T10:22:38.982Z", "user": 1, "content_type": 23, "object_id": "134", "object_repr": "None, RCPT3A7A6D29B , payment", "action_flag": 3, "change_message": ""}}, {"model": "admin.logentry", "pk": 280, "fields": {"action_time": "2022-02-22T10:22:38.984Z", "user": 1, "content_type": 23, "object_id": "133", "object_repr": "None, RCPT3E7928271 , payment", "action_flag": 3, "change_message": ""}}, {"model": "admin.logentry", "pk": 281, "fields": {"action_time": "2022-02-22T10:23:07.178Z", "user": 1, "content_type": 23, "object_id": "63", "object_repr": "INV371517DA9, None , invoice", "action_flag": 2, "change_message": "[{\"changed\": {\"fields\": [\"Amount sorted\"]}}]"}}, {"model": "admin.logentry", "pk": 282, "fields": {"action_time": "2022-02-22T10:23:29.664Z", "user": 1, "content_type": 22, "object_id": "34", "object_repr": "Invoice object (34)", "action_flag": 2, "change_message": "[{\"changed\": {\"fields\": [\"Amount sorted\"]}}]"}}, {"model": "admin.logentry", "pk": 283, "fields": {"action_time": "2022-02-22T10:23:29.685Z", "user": 1, "content_type": 22, "object_id": "34", "object_repr": "Invoice object (34)", "action_flag": 2, "change_message": "[{\"changed\": {\"fields\": [\"Amount sorted\"]}}]"}}, {"model": "admin.logentry", "pk": 284, "fields": {"action_time": "2022-02-22T10:23:35.989Z", "user": 1, "content_type": 22, "object_id": "33", "object_repr": "Invoice object (33)", "action_flag": 2, "change_message": "[{\"changed\": {\"fields\": [\"Amount sorted\"]}}]"}}, {"model": "admin.logentry", "pk": 285, "fields": {"action_time": "2022-02-22T10:25:48.018Z", "user": 1, "content_type": 34, "object_id": "19", "object_repr": "Type:receipt,Subject:Receipt", "action_flag": 3, "change_message": ""}}, {"model": "admin.logentry", "pk": 286, "fields": {"action_time": "2022-02-22T10:25:48.027Z", "user": 1, "content_type": 34, "object_id": "19", "object_repr": "Type:receipt,Subject:Receipt", "action_flag": 3, "change_message": ""}}, {"model": "admin.logentry", "pk": 287, "fields": {"action_time": "2022-02-22T10:25:48.028Z", "user": 1, "content_type": 34, "object_id": "18", "object_repr": "Type:receipt,Subject:Receipt", "action_flag": 3, "change_message": ""}}, {"model": "admin.logentry", "pk": 288, "fields": {"action_time": "2022-02-22T10:25:48.030Z", "user": 1, "content_type": 34, "object_id": "17", "object_repr": "Type:receipt,Subject:Receipt", "action_flag": 3, "change_message": ""}}, {"model": "admin.logentry", "pk": 289, "fields": {"action_time": "2022-02-22T10:25:48.032Z", "user": 1, "content_type": 34, "object_id": "16", "object_repr": "Type:receipt,Subject:Receipt", "action_flag": 3, "change_message": ""}}, {"model": "admin.logentry", "pk": 290, "fields": {"action_time": "2022-02-22T10:25:48.035Z", "user": 1, "content_type": 34, "object_id": "15", "object_repr": "Type:receipt,Subject:Receipt", "action_flag": 3, "change_message": ""}}, {"model": "admin.logentry", "pk": 291, "fields": {"action_time": "2022-02-22T10:25:48.038Z", "user": 1, "content_type": 34, "object_id": "18", "object_repr": "Type:receipt,Subject:Receipt", "action_flag": 3, "change_message": ""}}, {"model": "admin.logentry", "pk": 292, "fields": {"action_time": "2022-02-22T10:25:48.039Z", "user": 1, "content_type": 34, "object_id": "14", "object_repr": "Type:receipt,Subject:Receipt", "action_flag": 3, "change_message": ""}}, {"model": "admin.logentry", "pk": 293, "fields": {"action_time": "2022-02-22T10:25:48.040Z", "user": 1, "content_type": 34, "object_id": "17", "object_repr": "Type:receipt,Subject:Receipt", "action_flag": 3, "change_message": ""}}, {"model": "admin.logentry", "pk": 294, "fields": {"action_time": "2022-02-22T10:25:48.043Z", "user": 1, "content_type": 34, "object_id": "16", "object_repr": "Type:receipt,Subject:Receipt", "action_flag": 3, "change_message": ""}}, {"model": "admin.logentry", "pk": 295, "fields": {"action_time": "2022-02-22T10:25:48.046Z", "user": 1, "content_type": 34, "object_id": "15", "object_repr": "Type:receipt,Subject:Receipt", "action_flag": 3, "change_message": ""}}, {"model": "admin.logentry", "pk": 296, "fields": {"action_time": "2022-02-22T10:25:48.048Z", "user": 1, "content_type": 34, "object_id": "14", "object_repr": "Type:receipt,Subject:Receipt", "action_flag": 3, "change_message": ""}}, {"model": "admin.logentry", "pk": 297, "fields": {"action_time": "2022-02-22T10:43:11.103Z", "user": 1, "content_type": 34, "object_id": "46", "object_repr": "Type:debit note,Subject:Debit note", "action_flag": 3, "change_message": ""}}, {"model": "admin.logentry", "pk": 298, "fields": {"action_time": "2022-02-22T11:35:57.175Z", "user": 1, "content_type": 22, "object_id": "53", "object_repr": "Invoice object (53)", "action_flag": 2, "change_message": "[{\"changed\": {\"fields\": [\"Amount sorted\"]}}]"}}, {"model": "admin.logentry", "pk": 299, "fields": {"action_time": "2022-02-22T11:40:59.374Z", "user": 1, "content_type": 23, "object_id": "139", "object_repr": "None, RCPT37FBB7175 , payment", "action_flag": 3, "change_message": ""}}, {"model": "admin.logentry", "pk": 300, "fields": {"action_time": "2022-02-22T11:40:59.385Z", "user": 1, "content_type": 23, "object_id": "138", "object_repr": "None, RCPT3D659E0C4 , payment", "action_flag": 3, "change_message": ""}}, {"model": "admin.logentry", "pk": 301, "fields": {"action_time": "2022-02-22T11:40:59.405Z", "user": 1, "content_type": 23, "object_id": "139", "object_repr": "None, RCPT37FBB7175 , payment", "action_flag": 3, "change_message": ""}}, {"model": "admin.logentry", "pk": 302, "fields": {"action_time": "2022-02-22T11:40:59.420Z", "user": 1, "content_type": 23, "object_id": "138", "object_repr": "None, RCPT3D659E0C4 , payment", "action_flag": 3, "change_message": ""}}, {"model": "admin.logentry", "pk": 303, "fields": {"action_time": "2022-02-22T11:41:21.038Z", "user": 1, "content_type": 23, "object_id": "127", "object_repr": "INV35E9E9444, None , invoice", "action_flag": 2, "change_message": "[{\"changed\": {\"fields\": [\"Amount sorted\"]}}]"}}, {"model": "admin.logentry", "pk": 304, "fields": {"action_time": "2022-02-22T11:41:25.997Z", "user": 1, "content_type": 23, "object_id": "80", "object_repr": "INV38738C373, None , invoice", "action_flag": 2, "change_message": "[{\"changed\": {\"fields\": [\"Amount sorted\"]}}]"}}, {"model": "admin.logentry", "pk": 305, "fields": {"action_time": "2022-02-22T11:41:29.354Z", "user": 1, "content_type": 23, "object_id": "63", "object_repr": "INV371517DA9, None , invoice", "action_flag": 2, "change_message": "[{\"changed\": {\"fields\": [\"Amount sorted\"]}}]"}}, {"model": "admin.logentry", "pk": 306, "fields": {"action_time": "2022-02-22T11:42:06.661Z", "user": 1, "content_type": 22, "object_id": "153", "object_repr": "Invoice object (153)", "action_flag": 2, "change_message": "[{\"changed\": {\"fields\": [\"Amount sorted\"]}}]"}}, {"model": "admin.logentry", "pk": 307, "fields": {"action_time": "2022-02-22T11:42:06.679Z", "user": 1, "content_type": 22, "object_id": "153", "object_repr": "Invoice object (153)", "action_flag": 2, "change_message": "[{\"changed\": {\"fields\": [\"Amount sorted\"]}}]"}}, {"model": "admin.logentry", "pk": 308, "fields": {"action_time": "2022-02-22T11:42:16.735Z", "user": 1, "content_type": 22, "object_id": "54", "object_repr": "Invoice object (54)", "action_flag": 2, "change_message": "[{\"changed\": {\"fields\": [\"Amount sorted\"]}}]"}}, {"model": "admin.logentry", "pk": 309, "fields": {"action_time": "2022-02-22T11:42:22.575Z", "user": 1, "content_type": 22, "object_id": "53", "object_repr": "Invoice object (53)", "action_flag": 2, "change_message": "[{\"changed\": {\"fields\": [\"Amount sorted\"]}}]"}}, {"model": "admin.logentry", "pk": 310, "fields": {"action_time": "2022-02-22T11:42:29.465Z", "user": 1, "content_type": 22, "object_id": "34", "object_repr": "Invoice object (34)", "action_flag": 2, "change_message": "[{\"changed\": {\"fields\": [\"Amount sorted\"]}}]"}}, {"model": "admin.logentry", "pk": 311, "fields": {"action_time": "2022-02-22T11:42:34.502Z", "user": 1, "content_type": 22, "object_id": "33", "object_repr": "Invoice object (33)", "action_flag": 2, "change_message": "[{\"changed\": {\"fields\": [\"Amount sorted\"]}}]"}}, {"model": "admin.logentry", "pk": 312, "fields": {"action_time": "2022-02-22T11:43:19.959Z", "user": 1, "content_type": 34, "object_id": "48", "object_repr": "Type:receipt,Subject:Receipt", "action_flag": 3, "change_message": ""}}, {"model": "admin.logentry", "pk": 313, "fields": {"action_time": "2022-02-22T18:50:59.469Z", "user": 1, "content_type": 22, "object_id": "159", "object_repr": "Invoice object (159)", "action_flag": 2, "change_message": "[{\"changed\": {\"fields\": [\"Amount sorted\"]}}]"}}, {"model": "admin.logentry", "pk": 314, "fields": {"action_time": "2022-02-22T18:51:03.865Z", "user": 1, "content_type": 23, "object_id": "142", "object_repr": "INV835C6A8DF, None , invoice", "action_flag": 2, "change_message": "[{\"changed\": {\"fields\": [\"Amount sorted\"]}}]"}}, {"model": "admin.logentry", "pk": 315, "fields": {"action_time": "2022-02-22T18:51:03.881Z", "user": 1, "content_type": 23, "object_id": "142", "object_repr": "INV835C6A8DF, None , invoice", "action_flag": 2, "change_message": "[{\"changed\": {\"fields\": [\"Amount sorted\"]}}]"}}, {"model": "admin.logentry", "pk": 316, "fields": {"action_time": "2022-02-22T18:52:19.710Z", "user": 1, "content_type": 24, "object_id": "144", "object_repr": "Receipt object (144)", "action_flag": 3, "change_message": ""}}, {"model": "admin.logentry", "pk": 317, "fields": {"action_time": "2022-02-22T19:18:09.461Z", "user": 1, "content_type": 23, "object_id": "142", "object_repr": "INV835C6A8DF, None , invoice", "action_flag": 2, "change_message": "[{\"changed\": {\"fields\": [\"Amount sorted\"]}}]"}}, {"model": "admin.logentry", "pk": 318, "fields": {"action_time": "2022-02-22T19:18:34.791Z", "user": 1, "content_type": 24, "object_id": "145", "object_repr": "Receipt object (145)", "action_flag": 3, "change_message": ""}}, {"model": "admin.logentry", "pk": 319, "fields": {"action_time": "2022-02-22T19:18:59.946Z", "user": 1, "content_type": 22, "object_id": "159", "object_repr": "Invoice object (159)", "action_flag": 2, "change_message": "[{\"changed\": {\"fields\": [\"Amount sorted\"]}}]"}}, {"model": "admin.logentry", "pk": 320, "fields": {"action_time": "2022-02-22T19:21:45.879Z", "user": 1, "content_type": 23, "object_id": "142", "object_repr": "INV835C6A8DF, None , invoice", "action_flag": 2, "change_message": "[{\"changed\": {\"fields\": [\"Amount sorted\"]}}]"}}, {"model": "admin.logentry", "pk": 321, "fields": {"action_time": "2022-02-22T19:22:25.971Z", "user": 1, "content_type": 24, "object_id": "148", "object_repr": "Receipt object (148)", "action_flag": 3, "change_message": ""}}, {"model": "admin.logentry", "pk": 322, "fields": {"action_time": "2022-02-22T19:22:25.979Z", "user": 1, "content_type": 24, "object_id": "147", "object_repr": "Receipt object (147)", "action_flag": 3, "change_message": ""}}, {"model": "admin.logentry", "pk": 323, "fields": {"action_time": "2022-02-22T19:22:25.979Z", "user": 1, "content_type": 24, "object_id": "146", "object_repr": "Receipt object (146)", "action_flag": 3, "change_message": ""}}, {"model": "admin.logentry", "pk": 324, "fields": {"action_time": "2022-02-22T19:22:41.814Z", "user": 1, "content_type": 22, "object_id": "159", "object_repr": "Invoice object (159)", "action_flag": 2, "change_message": "[{\"changed\": {\"fields\": [\"Amount sorted\"]}}]"}}, {"model": "admin.logentry", "pk": 325, "fields": {"action_time": "2022-02-23T16:35:54.929Z", "user": 1, "content_type": 22, "object_id": "164", "object_repr": "Invoice object (164)", "action_flag": 2, "change_message": "[{\"changed\": {\"fields\": [\"Amount sorted\"]}}]"}}, {"model": "admin.logentry", "pk": 326, "fields": {"action_time": "2022-02-23T16:36:39.292Z", "user": 1, "content_type": 22, "object_id": "164", "object_repr": "Invoice object (164)", "action_flag": 2, "change_message": "[{\"changed\": {\"fields\": [\"Amount sorted\"]}}]"}}, {"model": "admin.logentry", "pk": 327, "fields": {"action_time": "2022-02-23T16:45:09.266Z", "user": 1, "content_type": 22, "object_id": "160", "object_repr": "Invoice object (160)", "action_flag": 2, "change_message": "[{\"changed\": {\"fields\": [\"Amount late fee\"]}}]"}}, {"model": "admin.logentry", "pk": 328, "fields": {"action_time": "2022-02-23T16:49:15.816Z", "user": 1, "content_type": 23, "object_id": "143", "object_repr": "INV8FADFEA75, None , invoice", "action_flag": 3, "change_message": ""}}, {"model": "admin.logentry", "pk": 329, "fields": {"action_time": "2022-02-23T16:49:15.826Z", "user": 1, "content_type": 23, "object_id": "154", "object_repr": "INV274CB92E0, None , invoice", "action_flag": 3, "change_message": ""}}, {"model": "admin.logentry", "pk": 330, "fields": {"action_time": "2022-02-23T16:49:15.828Z", "user": 1, "content_type": 23, "object_id": "153", "object_repr": "INV274CB92E0, None , invoice", "action_flag": 3, "change_message": ""}}, {"model": "admin.logentry", "pk": 331, "fields": {"action_time": "2022-02-23T16:49:15.831Z", "user": 1, "content_type": 23, "object_id": "152", "object_repr": "INV274CB92E0, None , invoice", "action_flag": 3, "change_message": ""}}, {"model": "admin.logentry", "pk": 332, "fields": {"action_time": "2022-02-23T16:49:15.834Z", "user": 1, "content_type": 23, "object_id": "151", "object_repr": "INV374CB92E0, None , invoice", "action_flag": 3, "change_message": ""}}, {"model": "admin.logentry", "pk": 333, "fields": {"action_time": "2022-02-23T16:49:15.836Z", "user": 1, "content_type": 23, "object_id": "150", "object_repr": "INV874CB92E0, None , invoice", "action_flag": 3, "change_message": ""}}, {"model": "admin.logentry", "pk": 334, "fields": {"action_time": "2022-02-23T16:49:15.839Z", "user": 1, "content_type": 23, "object_id": "149", "object_repr": "INV874CB92E0, None , invoice", "action_flag": 3, "change_message": ""}}, {"model": "admin.logentry", "pk": 335, "fields": {"action_time": "2022-02-23T16:49:15.841Z", "user": 1, "content_type": 23, "object_id": "148", "object_repr": "INV874CB92E0, None , invoice", "action_flag": 3, "change_message": ""}}, {"model": "admin.logentry", "pk": 336, "fields": {"action_time": "2022-02-23T16:49:15.843Z", "user": 1, "content_type": 23, "object_id": "147", "object_repr": "INV877DFBC32, None , invoice", "action_flag": 3, "change_message": ""}}, {"model": "admin.logentry", "pk": 337, "fields": {"action_time": "2022-02-23T16:49:15.845Z", "user": 1, "content_type": 23, "object_id": "146", "object_repr": "INV877DFBC32, None , invoice", "action_flag": 3, "change_message": ""}}, {"model": "admin.logentry", "pk": 338, "fields": {"action_time": "2022-02-23T16:52:02.650Z", "user": 1, "content_type": 22, "object_id": "163", "object_repr": "Invoice object (163)", "action_flag": 2, "change_message": "[{\"changed\": {\"fields\": [\"Late fee max\"]}}]"}}, {"model": "sessions.session", "pk": "4kkt5fyctbyuvopx1rorrnay4j691x9k", "fields": {"session_data": ".eJxVjcsOgjAQRf-la0P6YArDTn-kGYYxNJJiaEk0xn8XDAtd3te5LxVoLWNYsywhDqpTTp1-vZ74JmkPaJp2uyLmeU2l-naOOFfnTUkqkanEOV2O1R9qpDxuHBEEh8zorLEMVuwVamgMDNhr07RGwLHxNYm4QYQa5wE9ctvWZI2WHZol5-0myOMel6fqjNXotX5_ADNLRDQ:1nLt1t:Ms6XOt4H5_j1FP3bTgI_gm3I64tM5tTKD0q3ZYeY__Y", "expire_date": "2022-03-06T20:42:01.473Z"}}, {"model": "sessions.session", "pk": "4woealpjqhalynndjnblxjuxg212aekt", "fields": {"session_data": ".eJxVjU0OgjAQhe_StSHTUgtlpxdppjNjaCTF2JJojHcXDAtdvr_vvVTApY5hKXIPidWgtDr8ehHpKnkLcJo2u0Giecm1-Xb2uDSnVUmuibCmOZ_31R9qxDKuHOM8odUeNBNYYNdpg5FjhL43fReJBC_cIghax9ACWWRx1kWL6I-yQYuUst4EedzS_akGbcA7gPcHbzlFfg:1nGEKU:GMs6HWjA4Nx_sErzTNQB4zwnA5whcVCenSLqKbpda9k", "expire_date": "2022-02-19T06:13:50.083Z"}}, {"model": "sessions.session", "pk": "msywo2xkbdbemo8u7lcbwy0z5vtufmzu", "fields": {"session_data": ".eJxVjcsOgjAQRf-la0P6YArDTn-kGYYxNJJiaEk0xn8XDAtd3te5LxVoLWNYsywhDqpTTp1-vZ74JmkPaJp2uyLmeU2l-naOOFfnTUkqkanEOV2O1R9qpDxuHBEEh8zorLEMVuwVamgMDNhr07RGwLHxNYm4QYQa5wE9ctvWZI2WHZol5-0myOMel6fqjNXotX5_ADNLRDQ:1nLijY:AEt_8nUYAD3Lyn607e283NtRYaRPWCAADe-IBvulukM", "expire_date": "2022-03-06T09:42:24.447Z"}}, {"model": "sessions.session", "pk": "tswcylq3dds2enah0qq89btrvhwy7j7j", "fields": {"session_data": ".eJxVjU0OwiAQhe_C2jTTQmnpTi9CZmBIiQ01QhON8e5S04WuJu9nvvcSFrcy2y3z3UYvJqHE6dcjdFdOe4DLstsNOrduqTTfzhHn5lwVpxIdlrimy_H1h5oxz5XTaSRGNK5XSMEFrwdNDGYYqa3HS90xwsDYBwAaPTkjJYykiHuvZNihmXOuM5Yft3h_iqntwGiA9wesdUX9:1nM4fP:SmHTGf4yUaVDvufE2o5-_UoVFrxZEBv-9vuiYQgSFf8", "expire_date": "2022-03-07T09:07:35.003Z"}}, {"model": "sessions.session", "pk": "ypr5nj3dqos54qwyi1yncy299iz5j0yy", "fields": {"session_data": ".eJxVjU0OgjAQhe_StSHTUgtlpxdppjNjaCTF2JJojHcXDAtdvr_vvVTApY5hKXIPidWgtDr8ehHpKnkLcJo2u0Giecm1-Xb2uDSnVUmuibCmOZ_31R9qxDKuHOM8odUeNBNYYNdpg5FjhL43fReJBC_cIghax9ACWWRx1kWL6I-yQYuUst4EedzS_akGbcA7gPcHbzlFfg:1nJG4h:Dqf15mUyDfw9gYvtz5c_4lGtE-8gswpX3JXE2RYoaa8", "expire_date": "2022-02-27T14:42:03.641Z"}}, {"model": "sites.site", "pk": 1, "fields": {"domain": "example.com", "name": "example.com"}}, {"model": "account.emailaddress", "pk": 1, "fields": {"user": 1, "email": "joseph.omenda001@gmail.com", "verified": false, "primary": false}}, {"model": "property.property", "pk": 1, "fields": {"property_name": "Lanagata paradise", "property_category": "Residential", "property_type": "Apartment buildings", "year_created": 2009, "country": "Kenya", "country_code": "KE", "city": "Nairobi", "street": "Langata", "landmark_description": "Langata", "managed_by": 1, "owned_by": 2, "added_on": "2022-02-01T06:07:35.785Z", "added_by": 1, "active": false, "photo": "property/building.jpg", "description": null}}, {"model": "property.property", "pk": 2, "fields": {"property_name": "Green apartments", "property_category": "Residential", "property_type": "Apartment buildings", "year_created": 2020, "country": "United States", "country_code": "US", "city": "Los angelos", "street": "LA BULLEVARD", "landmark_description": "Next to the stars", "managed_by": 1, "owned_by": 1, "added_on": "2022-02-06T13:10:17.728Z", "added_by": 1, "active": false, "photo": "property/building.jpg", "description": null}}, {"model": "property.property", "pk": 3, "fields": {"property_name": "Sahar block", "property_category": "Residential", "property_type": "Apartment buildings", "year_created": 2009, "country": "France", "country_code": "FR", "city": "zcity", "street": "zstreet", "landmark_description": "beyond cafe dela moir", "managed_by": 1, "owned_by": 1, "added_on": "2022-02-14T08:51:36.974Z", "added_by": 1, "active": false, "photo": "property/building.jpg", "description": null}}, {"model": "property.property", "pk": 4, "fields": {"property_name": "Safrica", "property_category": "Residential", "property_type": "Apartment buildings", "year_created": 2010, "country": "South Africa", "country_code": "ZA", "city": "Nairobi", "street": "Langata", "landmark_description": "Langata", "managed_by": 1, "owned_by": 1, "added_on": "2022-02-14T08:54:47.503Z", "added_by": 1, "active": false, "photo": "property/building.jpg", "description": null}}, {"model": "property.unit", "pk": 1, "fields": {"unit_property": 1, "unit_name": "unit 0111", "unit_category": "Residential", "unit_type": "two-bedroom", "size": 9009, "baths": "2.5", "is_furnished": "no", "water_mtr": null, "electricity_mtr": null, "description": "", "bedrooms": 1, "unit_charges": "[\"1\"]", "unit_features": "[\"1\", \"2\"]", "unit_photos": "[\"1\"]", "create_nos": 0, "random_id": null, "occupancy_status": "vacant", "past_status": "vacant", "occupied_by": null, "added_by": 1, "added_on": "2022-02-01T06:07:58.605Z", "last_updated": "2022-02-13T11:59:30.088Z"}}, {"model": "property.unit", "pk": 2, "fields": {"unit_property": 1, "unit_name": "unit 1", "unit_category": "Residential", "unit_type": "two-bedroom", "size": 9009, "baths": "2.5", "is_furnished": "no", "water_mtr": null, "electricity_mtr": null, "description": "", "bedrooms": 1, "unit_charges": "[\"1\"]", "unit_features": "[\"1\", \"2\"]", "unit_photos": "[\"1\"]", "create_nos": 1, "random_id": null, "occupancy_status": "vacant", "past_status": "vacant", "occupied_by": null, "added_by": 1, "added_on": "2022-02-01T06:07:58.618Z", "last_updated": "2022-02-13T12:07:51.858Z"}}, {"model": "property.unit", "pk": 3, "fields": {"unit_property": 1, "unit_name": "unit 2", "unit_category": "Residential", "unit_type": "two-bedroom", "size": 9009, "baths": "2.5", "is_furnished": "no", "water_mtr": null, "electricity_mtr": null, "description": "", "bedrooms": 1, "unit_charges": "[\"1\"]", "unit_features": "[\"1\", \"2\"]", "unit_photos": "[\"1\"]", "create_nos": 2, "random_id": null, "occupancy_status": "vacant", "past_status": "vacant", "occupied_by": null, "added_by": 1, "added_on": "2022-02-01T06:07:58.620Z", "last_updated": "2022-02-13T11:44:28.757Z"}}, {"model": "property.unit", "pk": 4, "fields": {"unit_property": 1, "unit_name": "unit 3", "unit_category": "Residential", "unit_type": "two-bedroom", "size": 9009, "baths": "2.5", "is_furnished": "no", "water_mtr": null, "electricity_mtr": null, "description": "", "bedrooms": 1, "unit_charges": "[\"1\"]", "unit_features": "[\"1\", \"2\"]", "unit_photos": "[\"1\"]", "create_nos": 3, "random_id": null, "occupancy_status": "vacant", "past_status": "vacant", "occupied_by": null, "added_by": 1, "added_on": "2022-02-01T06:07:58.622Z", "last_updated": "2022-02-13T11:50:24.085Z"}}, {"model": "property.unit", "pk": 5, "fields": {"unit_property": 1, "unit_name": "unit 4", "unit_category": "Residential", "unit_type": "two-bedroom", "size": 9009, "baths": "2.5", "is_furnished": "no", "water_mtr": null, "electricity_mtr": null, "description": "", "bedrooms": 1, "unit_charges": "[\"1\"]", "unit_features": "[\"1\", \"2\"]", "unit_photos": "[\"1\"]", "create_nos": 4, "random_id": null, "occupancy_status": "vacant", "past_status": "vacant", "occupied_by": null, "added_by": 1, "added_on": "2022-02-01T06:07:58.624Z", "last_updated": "2022-02-13T12:07:43.962Z"}}, {"model": "property.unit", "pk": 6, "fields": {"unit_property": 1, "unit_name": "unit 5", "unit_category": "Residential", "unit_type": "two-bedroom", "size": 9009, "baths": "2.5", "is_furnished": "no", "water_mtr": null, "electricity_mtr": null, "description": "", "bedrooms": 1, "unit_charges": "[\"1\"]", "unit_features": "[\"1\", \"2\"]", "unit_photos": "[\"1\"]", "create_nos": 5, "random_id": null, "occupancy_status": "vacant", "past_status": "vacant", "occupied_by": null, "added_by": 1, "added_on": "2022-02-01T06:07:58.628Z", "last_updated": "2022-02-13T12:11:47.627Z"}}, {"model": "property.unit", "pk": 7, "fields": {"unit_property": 1, "unit_name": "unit 6", "unit_category": "Residential", "unit_type": "two-bedroom", "size": 9009, "baths": "2.5", "is_furnished": "no", "water_mtr": null, "electricity_mtr": null, "description": "", "bedrooms": 1, "unit_charges": "[\"26\"]", "unit_features": "[\"1\", \"2\"]", "unit_photos": "[\"1\"]", "create_nos": 6, "random_id": null, "occupancy_status": "occupied", "past_status": "vacant", "occupied_by": null, "added_by": 1, "added_on": "2022-02-01T06:07:58.632Z", "last_updated": "2022-02-01T06:07:58.632Z"}}, {"model": "property.unit", "pk": 8, "fields": {"unit_property": 2, "unit_name": "house A", "unit_category": "Residential", "unit_type": "two-bedroom", "size": 0, "baths": "2.5", "is_furnished": "yes", "water_mtr": null, "electricity_mtr": null, "description": "painting an apartment is like going out to dinner  you can find a hot dog ... can fly up into your freshly painted wall or into your pan.", "bedrooms": 1, "unit_charges": "[\"2\", \"3\", \"8\", \"24\", \"27\", \"28\"]", "unit_features": "[\"3\", \"4\", \"5\"]", "unit_photos": "[\"2\", \"3\"]", "create_nos": 0, "random_id": null, "occupancy_status": "occupied", "past_status": "vacant", "occupied_by": null, "added_by": 1, "added_on": "2022-02-06T13:11:01.087Z", "last_updated": "2022-02-06T13:11:01.087Z"}}, {"model": "property.unit", "pk": 9, "fields": {"unit_property": 2, "unit_name": "house B", "unit_category": "Residential", "unit_type": null, "size": 100, "baths": null, "is_furnished": "yes", "water_mtr": null, "electricity_mtr": null, "description": "", "bedrooms": 1, "unit_charges": "[\"3\", \"25\", \"29\"]", "unit_features": "[\"3\", \"4\", \"5\"]", "unit_photos": "[\"2\", \"3\"]", "create_nos": 1, "random_id": null, "occupancy_status": "occupied", "past_status": "vacant", "occupied_by": null, "added_by": 1, "added_on": "2022-02-06T13:11:01.097Z", "last_updated": "2022-02-06T13:11:01.097Z"}}, {"model": "property.unit", "pk": 10, "fields": {"unit_property": 2, "unit_name": "house C", "unit_category": "Residential", "unit_type": null, "size": 100, "baths": null, "is_furnished": "yes", "water_mtr": null, "electricity_mtr": null, "description": null, "bedrooms": 1, "unit_charges": "[\"2\", \"3\"]", "unit_features": "[\"3\", \"4\", \"5\"]", "unit_photos": "[\"2\", \"3\"]", "create_nos": 2, "random_id": null, "occupancy_status": "vacant", "past_status": "vacant", "occupied_by": null, "added_by": 1, "added_on": "2022-02-06T13:11:01.100Z", "last_updated": "2022-02-06T13:11:01.100Z"}}, {"model": "property.unit", "pk": 11, "fields": {"unit_property": 2, "unit_name": "house D", "unit_category": "Residential", "unit_type": null, "size": 100, "baths": null, "is_furnished": "yes", "water_mtr": null, "electricity_mtr": null, "description": null, "bedrooms": 1, "unit_charges": "[\"2\", \"3\"]", "unit_features": "[\"3\", \"4\", \"5\"]", "unit_photos": "[\"2\", \"3\"]", "create_nos": 3, "random_id": null, "occupancy_status": "vacant", "past_status": "vacant", "occupied_by": null, "added_by": 1, "added_on": "2022-02-06T13:11:01.102Z", "last_updated": "2022-02-06T13:11:01.102Z"}}, {"model": "property.unit", "pk": 12, "fields": {"unit_property": 2, "unit_name": "house E", "unit_category": "Residential", "unit_type": null, "size": 100, "baths": null, "is_furnished": "yes", "water_mtr": null, "electricity_mtr": null, "description": null, "bedrooms": 1, "unit_charges": "[\"2\", \"3\"]", "unit_features": "[\"3\", \"4\", \"5\"]", "unit_photos": "[\"2\", \"3\"]", "create_nos": 4, "random_id": null, "occupancy_status": "vacant", "past_status": "vacant", "occupied_by": null, "added_by": 1, "added_on": "2022-02-06T13:11:01.106Z", "last_updated": "2022-02-06T13:11:01.106Z"}}, {"model": "property.unit", "pk": 13, "fields": {"unit_property": 2, "unit_name": "house F", "unit_category": "Residential", "unit_type": null, "size": 100, "baths": null, "is_furnished": "yes", "water_mtr": null, "electricity_mtr": null, "description": null, "bedrooms": 1, "unit_charges": "[\"2\", \"3\"]", "unit_features": "[\"3\", \"4\", \"5\"]", "unit_photos": "[\"2\", \"3\"]", "create_nos": 5, "random_id": null, "occupancy_status": "vacant", "past_status": "vacant", "occupied_by": null, "added_by": 1, "added_on": "2022-02-06T13:11:01.109Z", "last_updated": "2022-02-06T13:11:01.109Z"}}, {"model": "property.unit", "pk": 14, "fields": {"unit_property": 2, "unit_name": "house G", "unit_category": "Residential", "unit_type": null, "size": 100, "baths": null, "is_furnished": "yes", "water_mtr": null, "electricity_mtr": null, "description": null, "bedrooms": 1, "unit_charges": "[\"2\", \"3\"]", "unit_features": "[\"3\", \"4\", \"5\"]", "unit_photos": "[\"2\", \"3\"]", "create_nos": 6, "random_id": null, "occupancy_status": "vacant", "past_status": "vacant", "occupied_by": null, "added_by": 1, "added_on": "2022-02-06T13:11:01.111Z", "last_updated": "2022-02-06T13:11:01.111Z"}}, {"model": "property.unit", "pk": 15, "fields": {"unit_property": 2, "unit_name": "house H", "unit_category": "Residential", "unit_type": null, "size": 100, "baths": null, "is_furnished": "yes", "water_mtr": null, "electricity_mtr": null, "description": null, "bedrooms": 1, "unit_charges": "[\"2\", \"3\"]", "unit_features": "[\"3\", \"4\", \"5\"]", "unit_photos": "[\"2\", \"3\"]", "create_nos": 7, "random_id": null, "occupancy_status": "vacant", "past_status": "vacant", "occupied_by": null, "added_by": 1, "added_on": "2022-02-06T13:11:01.113Z", "last_updated": "2022-02-13T12:10:26.878Z"}}, {"model": "property.unit", "pk": 16, "fields": {"unit_property": 2, "unit_name": "house I", "unit_category": "Residential", "unit_type": null, "size": 100, "baths": null, "is_furnished": "yes", "water_mtr": null, "electricity_mtr": null, "description": null, "bedrooms": 1, "unit_charges": "[\"2\", \"3\"]", "unit_features": "[\"3\", \"4\", \"5\"]", "unit_photos": "[\"2\", \"3\"]", "create_nos": 8, "random_id": null, "occupancy_status": "vacant", "past_status": "vacant", "occupied_by": null, "added_by": 1, "added_on": "2022-02-06T13:11:01.116Z", "last_updated": "2022-02-06T13:11:01.116Z"}}, {"model": "property.unit", "pk": 17, "fields": {"unit_property": 2, "unit_name": "house J", "unit_category": "Residential", "unit_type": null, "size": 100, "baths": null, "is_furnished": "yes", "water_mtr": null, "electricity_mtr": null, "description": null, "bedrooms": 1, "unit_charges": "[\"2\", \"3\"]", "unit_features": "[\"3\", \"4\", \"5\"]", "unit_photos": "[\"2\", \"3\"]", "create_nos": 9, "random_id": null, "occupancy_status": "vacant", "past_status": "vacant", "occupied_by": null, "added_by": 1, "added_on": "2022-02-06T13:11:01.118Z", "last_updated": "2022-02-06T13:11:01.118Z"}}, {"model": "property.unit", "pk": 18, "fields": {"unit_property": 2, "unit_name": "house K", "unit_category": "Residential", "unit_type": null, "size": 100, "baths": null, "is_furnished": "yes", "water_mtr": null, "electricity_mtr": null, "description": null, "bedrooms": 1, "unit_charges": "[\"2\", \"3\"]", "unit_features": "[\"3\", \"4\", \"5\"]", "unit_photos": "[\"2\", \"3\"]", "create_nos": 10, "random_id": null, "occupancy_status": "vacant", "past_status": "vacant", "occupied_by": null, "added_by": 1, "added_on": "2022-02-06T13:11:01.120Z", "last_updated": "2022-02-06T13:11:01.120Z"}}, {"model": "property.unit", "pk": 19, "fields": {"unit_property": 2, "unit_name": "house L", "unit_category": "Residential", "unit_type": null, "size": 100, "baths": null, "is_furnished": "yes", "water_mtr": null, "electricity_mtr": null, "description": null, "bedrooms": 1, "unit_charges": "[\"2\", \"3\"]", "unit_features": "[\"3\", \"4\", \"5\"]", "unit_photos": "[\"2\", \"3\"]", "create_nos": 11, "random_id": null, "occupancy_status": "vacant", "past_status": "vacant", "occupied_by": null, "added_by": 1, "added_on": "2022-02-06T13:11:01.122Z", "last_updated": "2022-02-06T13:11:01.122Z"}}, {"model": "property.unit", "pk": 20, "fields": {"unit_property": 4, "unit_name": "house A", "unit_category": "Residential", "unit_type": null, "size": 100, "baths": null, "is_furnished": "yes", "water_mtr": null, "electricity_mtr": null, "description": null, "bedrooms": 1, "unit_charges": null, "unit_features": null, "unit_photos": null, "create_nos": 0, "random_id": null, "occupancy_status": "vacant", "past_status": "vacant", "occupied_by": null, "added_by": 1, "added_on": "2022-02-14T09:16:22.019Z", "last_updated": "2022-02-14T09:16:22.019Z"}}, {"model": "property.unit", "pk": 21, "fields": {"unit_property": 4, "unit_name": "house B", "unit_category": "Residential", "unit_type": null, "size": 100, "baths": null, "is_furnished": "yes", "water_mtr": null, "electricity_mtr": null, "description": null, "bedrooms": 1, "unit_charges": null, "unit_features": null, "unit_photos": null, "create_nos": 1, "random_id": null, "occupancy_status": "vacant", "past_status": "vacant", "occupied_by": null, "added_by": 1, "added_on": "2022-02-14T09:16:22.054Z", "last_updated": "2022-02-14T09:16:22.054Z"}}, {"model": "property.unit", "pk": 22, "fields": {"unit_property": 4, "unit_name": "house C", "unit_category": "Residential", "unit_type": null, "size": 100, "baths": null, "is_furnished": "yes", "water_mtr": null, "electricity_mtr": null, "description": null, "bedrooms": 1, "unit_charges": null, "unit_features": null, "unit_photos": null, "create_nos": 2, "random_id": null, "occupancy_status": "vacant", "past_status": "vacant", "occupied_by": null, "added_by": 1, "added_on": "2022-02-14T09:16:22.058Z", "last_updated": "2022-02-14T09:16:22.058Z"}}, {"model": "property.unit", "pk": 23, "fields": {"unit_property": 4, "unit_name": "house D", "unit_category": "Residential", "unit_type": null, "size": 100, "baths": null, "is_furnished": "yes", "water_mtr": null, "electricity_mtr": null, "description": null, "bedrooms": 1, "unit_charges": null, "unit_features": null, "unit_photos": null, "create_nos": 3, "random_id": null, "occupancy_status": "vacant", "past_status": "vacant", "occupied_by": null, "added_by": 1, "added_on": "2022-02-14T09:16:22.061Z", "last_updated": "2022-02-14T09:16:22.061Z"}}, {"model": "property.unit", "pk": 24, "fields": {"unit_property": 3, "unit_name": "unit 0", "unit_category": "Residential", "unit_type": null, "size": 100, "baths": null, "is_furnished": "yes", "water_mtr": null, "electricity_mtr": null, "description": null, "bedrooms": 1, "unit_charges": null, "unit_features": null, "unit_photos": null, "create_nos": 0, "random_id": null, "occupancy_status": "vacant", "past_status": "vacant", "occupied_by": null, "added_by": 1, "added_on": "2022-02-14T09:19:48.177Z", "last_updated": "2022-02-14T09:19:48.177Z"}}, {"model": "property.unit", "pk": 25, "fields": {"unit_property": 3, "unit_name": "unit 1", "unit_category": "Residential", "unit_type": null, "size": 100, "baths": null, "is_furnished": "yes", "water_mtr": null, "electricity_mtr": null, "description": null, "bedrooms": 1, "unit_charges": null, "unit_features": null, "unit_photos": null, "create_nos": 1, "random_id": null, "occupancy_status": "vacant", "past_status": "vacant", "occupied_by": null, "added_by": 1, "added_on": "2022-02-14T09:19:48.184Z", "last_updated": "2022-02-14T09:19:48.184Z"}}, {"model": "property.unit", "pk": 26, "fields": {"unit_property": 3, "unit_name": "unit 2", "unit_category": "Residential", "unit_type": null, "size": 100, "baths": null, "is_furnished": "yes", "water_mtr": null, "electricity_mtr": null, "description": null, "bedrooms": 1, "unit_charges": null, "unit_features": null, "unit_photos": null, "create_nos": 2, "random_id": null, "occupancy_status": "vacant", "past_status": "vacant", "occupied_by": null, "added_by": 1, "added_on": "2022-02-14T09:19:48.188Z", "last_updated": "2022-02-14T09:19:48.188Z"}}, {"model": "property.unit", "pk": 27, "fields": {"unit_property": 3, "unit_name": "unit 3", "unit_category": "Residential", "unit_type": null, "size": 100, "baths": null, "is_furnished": "yes", "water_mtr": null, "electricity_mtr": null, "description": null, "bedrooms": 1, "unit_charges": null, "unit_features": null, "unit_photos": null, "create_nos": 3, "random_id": null, "occupancy_status": "vacant", "past_status": "vacant", "occupied_by": null, "added_by": 1, "added_on": "2022-02-14T09:19:48.189Z", "last_updated": "2022-02-14T09:19:48.189Z"}}, {"model": "property.unit", "pk": 28, "fields": {"unit_property": 3, "unit_name": "unit 4", "unit_category": "Residential", "unit_type": null, "size": 100, "baths": null, "is_furnished": "yes", "water_mtr": null, "electricity_mtr": null, "description": null, "bedrooms": 1, "unit_charges": null, "unit_features": null, "unit_photos": null, "create_nos": 4, "random_id": null, "occupancy_status": "vacant", "past_status": "vacant", "occupied_by": null, "added_by": 1, "added_on": "2022-02-14T09:19:48.191Z", "last_updated": "2022-02-14T09:19:48.191Z"}}, {"model": "property.unit", "pk": 29, "fields": {"unit_property": 4, "unit_name": "house 4", "unit_category": "Residential", "unit_type": "studio", "size": 780, "baths": "communal", "is_furnished": "yes", "water_mtr": null, "electricity_mtr": null, "description": "", "bedrooms": 1, "unit_charges": null, "unit_features": null, "unit_photos": null, "create_nos": 4, "random_id": null, "occupancy_status": "vacant", "past_status": "vacant", "occupied_by": null, "added_by": 1, "added_on": "2022-02-14T09:27:44.371Z", "last_updated": "2022-02-14T09:27:44.371Z"}}, {"model": "property.unit", "pk": 30, "fields": {"unit_property": 4, "unit_name": "house 5", "unit_category": "Residential", "unit_type": "studio", "size": 780, "baths": "communal", "is_furnished": "yes", "water_mtr": null, "electricity_mtr": null, "description": "", "bedrooms": 1, "unit_charges": null, "unit_features": null, "unit_photos": null, "create_nos": 5, "random_id": null, "occupancy_status": "vacant", "past_status": "vacant", "occupied_by": null, "added_by": 1, "added_on": "2022-02-14T09:27:44.379Z", "last_updated": "2022-02-14T09:27:44.379Z"}}, {"model": "property.unit_features", "pk": 1, "fields": {"name": "swimming pool", "created_at": "property", "added_by": 1, "added_on": "2022-02-01T06:08:46.951Z"}}, {"model": "property.unit_features", "pk": 2, "fields": {"name": "Tennis court", "created_at": "property", "added_by": 1, "added_on": "2022-02-01T06:08:57.369Z"}}, {"model": "property.unit_features", "pk": 3, "fields": {"name": "swimming pool", "created_at": "property", "added_by": 1, "added_on": "2022-02-06T13:12:56.447Z"}}, {"model": "property.unit_features", "pk": 4, "fields": {"name": "Tennis court", "created_at": "property", "added_by": 1, "added_on": "2022-02-06T13:13:04.091Z"}}, {"model": "property.unit_features", "pk": 5, "fields": {"name": "Electric wires", "created_at": "property", "added_by": 1, "added_on": "2022-02-06T13:13:19.643Z"}}, {"model": "property.unit_photos", "pk": 1, "fields": {"photo": "units/bathroom_ibr7kYD.jpeg", "created_at": "property", "name": "bathroom", "added_by": 1, "added_on": "2022-02-01T06:09:29.327Z"}}, {"model": "property.unit_photos", "pk": 2, "fields": {"photo": "units/bathroom_qGgjCIV.jpeg", "created_at": "property", "name": "bathroom", "added_by": 1, "added_on": "2022-02-06T13:14:02.126Z"}}, {"model": "property.unit_photos", "pk": 3, "fields": {"photo": "units/kitchen_G6JKutG.jpg", "created_at": "property", "name": "Kitchen", "added_by": 1, "added_on": "2022-02-06T13:14:35.941Z"}}, {"model": "tenant.tenant", "pk": 1, "fields": {"email": "joseph.omenda007@gmail.com", "name": "elon musk", "category": "individual", "calling_code": 1, "phone_number": 4242834841, "user": null, "occupancy_status": "no unit", "is_active": "Active", "image": "profile/Marcus_lemonis.jpg", "timeline_type": "current", "nationality": "kenyan", "proof_by": "National id", "proof_number": 32470846, "summary": null, "random_id": null, "added_by": 1, "added_on": "2022-02-01T06:12:29.462Z"}}, {"model": "tenant.tenant", "pk": 2, "fields": {"email": "joseph.omenda001@gmail.com", "name": "Ana Omenda", "category": "individual", "calling_code": 254, "phone_number": 705095622, "user": 3, "occupancy_status": "occupied", "is_active": "Active", "image": "profile/ana-cute.jpg", "timeline_type": "current", "nationality": "cuban", "proof_by": "National id", "proof_number": 909112, "summary": null, "random_id": null, "added_by": 1, "added_on": "2022-02-06T13:20:36.936Z"}}, {"model": "tenant.tenant", "pk": 3, "fields": {"email": "josewylde@gmail.com", "name": "Zoe saldana", "category": "individual", "calling_code": 1, "phone_number": 7677019, "user": null, "occupancy_status": "occupied", "is_active": "Active", "image": "profile/zoe-saldana-wallpapers-27478-3052530.jpg", "timeline_type": "current", "nationality": "american", "proof_by": "National id", "proof_number": null, "summary": null, "random_id": null, "added_by": 1, "added_on": "2022-02-06T13:24:13.422Z"}}, {"model": "tenant.tenant", "pk": 4, "fields": {"email": "joseph.omenda007@gmail.com", "name": "Robert Axelrod", "category": "individual", "calling_code": 1, "phone_number": 4242834841, "user": 5, "occupancy_status": "no unit", "is_active": "Active", "image": "profile/axe_HEN7QP6.jpg", "timeline_type": "current", "nationality": "american", "proof_by": "National id", "proof_number": 32470846, "summary": null, "random_id": null, "added_by": 1, "added_on": "2022-02-13T07:24:14.495Z"}}, {"model": "tenant.tenant", "pk": 5, "fields": {"email": "", "name": "Bill gates", "category": "individual", "calling_code": 1, "phone_number": null, "user": null, "occupancy_status": "no unit", "is_active": "Active", "image": "profile/bill_gates_fPo0jjR.jpg", "timeline_type": "current", "nationality": "", "proof_by": "National id", "proof_number": null, "summary": null, "random_id": null, "added_by": 1, "added_on": "2022-02-13T07:27:51.336Z"}}, {"model": "tenant.tenant", "pk": 6, "fields": {"email": "", "name": "steve jobs", "category": "individual", "calling_code": 1, "phone_number": null, "user": null, "occupancy_status": "no unit", "is_active": "Active", "image": "profile/steve.jpg", "timeline_type": "current", "nationality": "", "proof_by": "National id", "proof_number": null, "summary": null, "random_id": null, "added_by": 1, "added_on": "2022-02-13T07:28:37.487Z"}}, {"model": "tenant.tenant", "pk": 7, "fields": {"email": "", "name": "Warren Buffet", "category": "individual", "calling_code": 1, "phone_number": 4242834841, "user": null, "occupancy_status": "no unit", "is_active": "Active", "image": "profile/no_profile.jpg", "timeline_type": "current", "nationality": "american", "proof_by": "National id", "proof_number": null, "summary": null, "random_id": null, "added_by": 1, "added_on": "2022-02-21T18:26:36.613Z"}}, {"model": "tenant.emergencycontacts", "pk": 1, "fields": {"tenant": 1, "name": "Jeff Bezos", "email": "", "phone": 7090911, "calling_code": 1, "relationship_type": "non family", "relationship": "Roomate", "added_by": 1, "added_on": "2022-02-05T12:41:08.622Z"}}, {"model": "tenant.emergencycontacts", "pk": 2, "fields": {"tenant": 1, "name": "Ana de amars", "email": "", "phone": 9091192, "calling_code": 53, "relationship_type": "family", "relationship": "Daughter", "added_by": 1, "added_on": "2022-02-05T12:41:40.991Z"}}, {"model": "tenant.guarantors", "pk": 1, "fields": {"tenant": 1, "name": "Mark Zuckerberg", "email": "", "phone": 8780192, "calling_code": 1, "relationship_type": "family", "relationship": "Son", "has_accepted": "Yes", "notes": "test test test", "added_by": 1, "added_on": "2022-02-05T12:42:37.676Z"}}, {"model": "tenant.guarantors", "pk": 2, "fields": {"tenant": 2, "name": "Joseph disraeli omenda", "email": "josephdisraeliomenda@gmail.com", "phone": 705095622, "calling_code": 254, "relationship_type": "family", "relationship": "Husband", "has_accepted": "Yes", "notes": "Agreed to pay rent for the entire year", "added_by": 1, "added_on": "2022-02-06T13:21:33.631Z"}}, {"model": "tenant.guarantors", "pk": 3, "fields": {"tenant": 4, "name": "Joseph Disraeli", "email": "josephdisraeliomenda@gmail.com", "phone": 705095622, "calling_code": 254, "relationship_type": "family", "relationship": "Son", "has_accepted": "Yes", "notes": "", "added_by": 1, "added_on": "2022-02-13T07:25:15.222Z"}}, {"model": "tenant.lease", "pk": 1, "fields": {"tenant": 1, "unit": 7, "lease_type": "fixed period", "start_date": "2022-01-01", "end_date": "2022-03-02", "sent": "no", "signed": "yes", "end_lease_notice": "sent", "visible": false, "active": true, "notes": "", "added_by": 1, "added_on": "2022-02-01T06:13:03.752Z"}}, {"model": "tenant.lease", "pk": 2, "fields": {"tenant": 2, "unit": 8, "lease_type": "fixed period", "start_date": "2021-11-01", "end_date": "2022-05-07", "sent": "already", "signed": "yes", "end_lease_notice": "not sent", "visible": false, "active": true, "notes": "", "added_by": 1, "added_on": "2022-02-06T13:24:52.994Z"}}, {"model": "tenant.lease", "pk": 3, "fields": {"tenant": 3, "unit": 9, "lease_type": "fixed period", "start_date": "2021-09-01", "end_date": "2022-04-02", "sent": "no", "signed": "no", "end_lease_notice": "sent", "visible": false, "active": true, "notes": "", "added_by": 1, "added_on": "2022-02-06T13:27:17.374Z"}}, {"model": "tenant.lease", "pk": 4, "fields": {"tenant": 4, "unit": 6, "lease_type": "fixed period", "start_date": "2022-02-02", "end_date": "2022-02-16", "sent": "yes", "signed": "yes", "end_lease_notice": "not sent", "visible": false, "active": false, "notes": null, "added_by": 1, "added_on": "2022-02-13T07:30:42.049Z"}}, {"model": "tenant.lease", "pk": 5, "fields": {"tenant": 5, "unit": 5, "lease_type": "month-to-month", "start_date": "2022-02-03", "end_date": null, "sent": "yes", "signed": "yes", "end_lease_notice": "not sent", "visible": false, "active": false, "notes": null, "added_by": 1, "added_on": "2022-02-13T07:32:37.073Z"}}, {"model": "tenant.lease", "pk": 6, "fields": {"tenant": 4, "unit": 15, "lease_type": "month-to-month", "start_date": "2022-02-05", "end_date": null, "sent": "yes", "signed": "no", "end_lease_notice": "not sent", "visible": false, "active": false, "notes": null, "added_by": 1, "added_on": "2022-02-13T07:33:20.921Z"}}, {"model": "tenant.lease", "pk": 7, "fields": {"tenant": 4, "unit": 3, "lease_type": "fixed period", "start_date": "2022-02-01", "end_date": "2022-02-28", "sent": "yes", "signed": "no", "end_lease_notice": "not sent", "visible": false, "active": false, "notes": null, "added_by": 1, "added_on": "2022-02-13T07:35:33.721Z"}}, {"model": "tenant.lease", "pk": 8, "fields": {"tenant": 4, "unit": 2, "lease_type": "fixed period", "start_date": "2021-12-03", "end_date": "2022-04-30", "sent": "yes", "signed": "yes", "end_lease_notice": "not sent", "visible": false, "active": false, "notes": null, "added_by": 1, "added_on": "2022-02-13T07:36:58.796Z"}}, {"model": "tenant.lease", "pk": 9, "fields": {"tenant": 6, "unit": 1, "lease_type": "fixed period", "start_date": "2021-10-01", "end_date": "2022-02-24", "sent": "yes", "signed": "no", "end_lease_notice": "not sent", "visible": false, "active": false, "notes": null, "added_by": 1, "added_on": "2022-02-13T07:42:50.819Z"}}, {"model": "tenant.lease", "pk": 10, "fields": {"tenant": 1, "unit": 4, "lease_type": "fixed period", "start_date": "2021-11-02", "end_date": "2022-06-23", "sent": "yes", "signed": "yes", "end_lease_notice": "not sent", "visible": false, "active": false, "notes": null, "added_by": 1, "added_on": "2022-02-13T07:43:34.339Z"}}, {"model": "tenant.lease", "pk": 11, "fields": {"tenant": 5, "unit": 15, "lease_type": "fixed period", "start_date": "2022-02-01", "end_date": "2022-04-05", "sent": "no", "signed": "no", "end_lease_notice": "sent", "visible": false, "active": true, "notes": "", "added_by": 1, "added_on": "2022-02-13T12:09:05.702Z"}}, {"model": "tenant.lease", "pk": 12, "fields": {"tenant": 4, "unit": 6, "lease_type": "month-to-month", "start_date": "2022-02-17", "end_date": null, "sent": "no", "signed": "yes", "end_lease_notice": "not sent", "visible": false, "active": false, "notes": null, "added_by": 1, "added_on": "2022-02-13T12:11:03.652Z"}}, {"model": "tenant.leasetermination", "pk": 1, "fields": {"lease": 8, "date": "2022-02-10", "reason": "End of lease term", "description": "this description is for testing purposes and testing purposes alone", "added_by": 1, "added_on": "2022-02-13T11:43:15.730Z"}}, {"model": "tenant.leasetermination", "pk": 2, "fields": {"lease": 7, "date": "2022-02-10", "reason": "End of lease term", "description": "this description is for testing purposes and testing purposes alone", "added_by": 1, "added_on": "2022-02-13T11:44:28.726Z"}}, {"model": "tenant.leasetermination", "pk": 3, "fields": {"lease": 4, "date": "2022-02-10", "reason": "End of lease term", "description": "the lease term was done", "added_by": 1, "added_on": "2022-02-13T11:47:28.418Z"}}, {"model": "tenant.leasetermination", "pk": 4, "fields": {"lease": 10, "date": "2022-02-09", "reason": "End of lease term", "description": "the lease term was done, elon the lease was done and that is why it was terminated", "added_by": 1, "added_on": "2022-02-13T11:50:24.042Z"}}, {"model": "tenant.leasetermination", "pk": 5, "fields": {"lease": 5, "date": "2022-02-02", "reason": "End of lease term", "description": "Sorry Mr Gates but we had to terminate your lease as it had reached the end of the lease term", "added_by": 1, "added_on": "2022-02-13T11:55:05.770Z"}}, {"model": "tenant.leasetermination", "pk": 6, "fields": {"lease": 9, "date": "2022-02-03", "reason": "End of lease term", "description": "Now is a great time to send a Happy Valentine's Day Card to anyone now is a great time to send a Happy Valentine's Day Card to anyone Now is a great time to send a Happy Valentine's Day Card to anyone", "added_by": 1, "added_on": "2022-02-13T11:59:30.049Z"}}, {"model": "tenant.leasetermination", "pk": 7, "fields": {"lease": 6, "date": "2022-02-03", "reason": "End of lease term", "description": "Now is a great time to send a Happy Valentine's Day Card to anyone now is a great time to send a Happy Valentine's Day Card to anyone Now is a great time to send a Happy Valentine's Day Card to anyone", "added_by": 1, "added_on": "2022-02-13T12:01:35.730Z"}}, {"model": "tenant.leasetermination", "pk": 8, "fields": {"lease": 11, "date": "2022-02-24", "reason": "End of lease term", "description": "In your tenant, you might have mentioned title as a field for BookInstance but that is not defined in your model definition so the error occurs.", "added_by": 1, "added_on": "2022-02-13T12:10:26.788Z"}}, {"model": "tenant.leasetermination", "pk": 9, "fields": {"lease": 12, "date": "2022-02-25", "reason": "End of lease term", "description": "In your tenant, you might have mentioned title as a field for BookInstance but that is not defined in your model definition so the error occurs.", "added_by": 1, "added_on": "2022-02-13T12:11:47.558Z"}}, {"model": "tenant.tenantdocuments", "pk": 1, "fields": {"name": "lease", "document": "tenant/Love.docx", "created_at": "none", "tenant": 1, "added_by": 1, "added_on": "2022-02-01T06:13:34.961Z"}}, {"model": "tenant.tenantdocuments", "pk": 2, "fields": {"name": "lease document", "document": "tenant/Communication.docx", "created_at": "none", "tenant": 2, "added_by": 1, "added_on": "2022-02-06T13:25:44.652Z"}}, {"model": "finance.charges", "pk": 1, "fields": {"name": "rent", "category": "rent", "amount": "100.00", "notify": "email", "duration": "monthly", "once_date": null, "week_date": "Sunday", "month_date": 2, "year_date": "", "year_day": null, "year_month": null, "created_at": "property", "added_by": 1, "added_on": "2022-02-01T06:08:36.896Z", "late_fee": false, "deadline": "no", "late_fee_category": "generic", "late_fee_type": null, "late_fee_grace": null, "late_fee_max": "0.00", "late_fee_amount": "0.00"}}, {"model": "finance.charges", "pk": 2, "fields": {"name": "rent", "category": "rent", "amount": "600.00", "notify": "none", "duration": "monthly", "once_date": null, "week_date": "Sunday", "month_date": 1, "year_date": "", "year_day": null, "year_month": null, "created_at": "property", "added_by": 1, "added_on": "2022-02-06T13:12:09.571Z", "late_fee": false, "deadline": "no", "late_fee_category": "generic", "late_fee_type": null, "late_fee_grace": null, "late_fee_max": "0.00", "late_fee_amount": "0.00"}}, {"model": "finance.charges", "pk": 3, "fields": {"name": "water", "category": "water", "amount": "100.00", "notify": "email", "duration": "monthly", "once_date": null, "week_date": "Sunday", "month_date": 16, "year_date": "", "year_day": null, "year_month": null, "created_at": "property", "added_by": 1, "added_on": "2022-02-06T13:12:26.620Z", "late_fee": false, "deadline": "no", "late_fee_category": "generic", "late_fee_type": null, "late_fee_grace": null, "late_fee_max": "0.00", "late_fee_amount": "0.00"}}, {"model": "finance.charges", "pk": 4, "fields": {"name": "service charge", "category": "service charge", "amount": "600.00", "notify": "email", "duration": "weekly", "once_date": null, "week_date": "Friday", "month_date": null, "year_date": "", "year_day": null, "year_month": null, "created_at": "", "added_by": 1, "added_on": "2022-02-18T14:03:21.624Z", "late_fee": false, "deadline": "no", "late_fee_category": "generic", "late_fee_type": null, "late_fee_grace": null, "late_fee_max": "0.00", "late_fee_amount": "0.00"}}, {"model": "finance.charges", "pk": 5, "fields": {"name": "service charge", "category": "service charge", "amount": "550.00", "notify": "email", "duration": "weekly", "once_date": null, "week_date": "Friday", "month_date": null, "year_date": "", "year_day": null, "year_month": null, "created_at": "", "added_by": null, "added_on": "2022-02-18T14:10:58.802Z", "late_fee": false, "deadline": "no", "late_fee_category": "generic", "late_fee_type": null, "late_fee_grace": null, "late_fee_max": "0.00", "late_fee_amount": "0.00"}}, {"model": "finance.charges", "pk": 6, "fields": {"name": "rent", "category": "rent", "amount": "600.00", "notify": "none", "duration": "monthly", "once_date": null, "week_date": "Sunday", "month_date": 18, "year_date": "", "year_day": null, "year_month": null, "created_at": "", "added_by": null, "added_on": "2022-02-18T14:11:13.063Z", "late_fee": false, "deadline": "no", "late_fee_category": "generic", "late_fee_type": null, "late_fee_grace": null, "late_fee_max": "0.00", "late_fee_amount": "0.00"}}, {"model": "finance.charges", "pk": 7, "fields": {"name": "yearly", "category": "custom", "amount": "450.00", "notify": "none", "duration": "annually", "once_date": null, "week_date": "Sunday", "month_date": null, "year_date": "18,February", "year_day": 18, "year_month": "February", "created_at": "", "added_by": 1, "added_on": "2022-02-18T15:43:05.292Z", "late_fee": false, "deadline": "no", "late_fee_category": "generic", "late_fee_type": null, "late_fee_grace": null, "late_fee_max": "0.00", "late_fee_amount": "0.00"}}, {"model": "finance.charges", "pk": 8, "fields": {"name": "monthly", "category": "custom", "amount": "550.00", "notify": "none", "duration": "monthly", "once_date": null, "week_date": "Sunday", "month_date": 18, "year_date": "18,February", "year_day": null, "year_month": null, "created_at": "", "added_by": 1, "added_on": "2022-02-18T15:43:27.013Z", "late_fee": false, "deadline": "no", "late_fee_category": "generic", "late_fee_type": null, "late_fee_grace": null, "late_fee_max": "0.00", "late_fee_amount": "0.00"}}, {"model": "finance.charges", "pk": 9, "fields": {"name": "weekly", "category": "custom", "amount": "650.00", "notify": "none", "duration": "weekly", "once_date": null, "week_date": "Sunday", "month_date": null, "year_date": "18,February", "year_day": null, "year_month": null, "created_at": "", "added_by": 1, "added_on": "2022-02-18T15:43:46.150Z", "late_fee": false, "deadline": "no", "late_fee_category": "generic", "late_fee_type": null, "late_fee_grace": null, "late_fee_max": "0.00", "late_fee_amount": "0.00"}}, {"model": "finance.charges", "pk": 10, "fields": {"name": "once", "category": "custom", "amount": "750.00", "notify": "none", "duration": "once", "once_date": "2022-02-18", "week_date": "Sunday", "month_date": null, "year_date": "18,February", "year_day": null, "year_month": null, "created_at": "", "added_by": 1, "added_on": "2022-02-18T15:44:14.668Z", "late_fee": false, "deadline": "no", "late_fee_category": "generic", "late_fee_type": null, "late_fee_grace": null, "late_fee_max": "0.00", "late_fee_amount": "0.00"}}, {"model": "finance.charges", "pk": 11, "fields": {"name": "weekly", "category": "custom", "amount": "650.00", "notify": "none", "duration": "weekly", "once_date": null, "week_date": "Friday", "month_date": null, "year_date": "18,February", "year_day": null, "year_month": null, "created_at": "", "added_by": null, "added_on": "2022-02-18T16:12:46.318Z", "late_fee": false, "deadline": "no", "late_fee_category": "generic", "late_fee_type": null, "late_fee_grace": null, "late_fee_max": "0.00", "late_fee_amount": "0.00"}}, {"model": "finance.charges", "pk": 12, "fields": {"name": "weekly", "category": "custom", "amount": "650.00", "notify": "none", "duration": "weekly", "once_date": null, "week_date": "Friday", "month_date": null, "year_date": "", "year_day": null, "year_month": null, "created_at": "", "added_by": 1, "added_on": "2022-02-18T16:19:33.164Z", "late_fee": false, "deadline": "no", "late_fee_category": "generic", "late_fee_type": null, "late_fee_grace": null, "late_fee_max": "0.00", "late_fee_amount": "0.00"}}, {"model": "finance.charges", "pk": 13, "fields": {"name": "service charge", "category": "service charge", "amount": "550.00", "notify": "email", "duration": "weekly", "once_date": null, "week_date": "Saturday", "month_date": null, "year_date": "", "year_day": null, "year_month": null, "created_at": "", "added_by": null, "added_on": "2022-02-18T16:27:01.279Z", "late_fee": false, "deadline": "no", "late_fee_category": "generic", "late_fee_type": null, "late_fee_grace": null, "late_fee_max": "0.00", "late_fee_amount": "0.00"}}, {"model": "finance.charges", "pk": 14, "fields": {"name": "service charge", "category": "service charge", "amount": "550.00", "notify": "email", "duration": "weekly", "once_date": null, "week_date": "Saturday", "month_date": null, "year_date": "", "year_day": null, "year_month": null, "created_at": "", "added_by": null, "added_on": "2022-02-18T19:35:03.355Z", "late_fee": false, "deadline": "yes", "late_fee_category": "generic", "late_fee_type": "one_time_fixed", "late_fee_grace": 3, "late_fee_max": "0.00", "late_fee_amount": "120.00"}}, {"model": "finance.charges", "pk": 15, "fields": {"name": "service charge", "category": "service charge", "amount": "550.00", "notify": "email", "duration": "weekly", "once_date": null, "week_date": "Friday", "month_date": null, "year_date": "", "year_day": null, "year_month": null, "created_at": "", "added_by": null, "added_on": "2022-02-18T19:44:54.505Z", "late_fee": false, "deadline": "yes", "late_fee_category": "generic", "late_fee_type": "one_time_fixed", "late_fee_grace": 3, "late_fee_max": "0.00", "late_fee_amount": "120.00"}}, {"model": "finance.charges", "pk": 16, "fields": {"name": "yearly", "category": "custom", "amount": "450.00", "notify": "none", "duration": "annually", "once_date": null, "week_date": "Sunday", "month_date": null, "year_date": "19,February", "year_day": 19, "year_month": "February", "created_at": "", "added_by": null, "added_on": "2022-02-18T22:11:15.783Z", "late_fee": false, "deadline": "no", "late_fee_category": "generic", "late_fee_type": null, "late_fee_grace": null, "late_fee_max": null, "late_fee_amount": "0.00"}}, {"model": "finance.charges", "pk": 17, "fields": {"name": "once", "category": "custom", "amount": "750.00", "notify": "none", "duration": "once", "once_date": "2022-02-19", "week_date": "Sunday", "month_date": null, "year_date": "18,February", "year_day": null, "year_month": null, "created_at": "", "added_by": null, "added_on": "2022-02-18T22:11:45.348Z", "late_fee": false, "deadline": "no", "late_fee_category": "generic", "late_fee_type": null, "late_fee_grace": null, "late_fee_max": null, "late_fee_amount": "0.00"}}, {"model": "finance.charges", "pk": 18, "fields": {"name": "weekly", "category": "custom", "amount": "650.00", "notify": "none", "duration": "weekly", "once_date": null, "week_date": "Saturday", "month_date": null, "year_date": "", "year_day": null, "year_month": null, "created_at": "", "added_by": null, "added_on": "2022-02-18T22:12:08.249Z", "late_fee": false, "deadline": "no", "late_fee_category": "generic", "late_fee_type": null, "late_fee_grace": null, "late_fee_max": null, "late_fee_amount": "0.00"}}, {"model": "finance.charges", "pk": 19, "fields": {"name": "service charge", "category": "service charge", "amount": "550.00", "notify": "email", "duration": "weekly", "once_date": null, "week_date": "Saturday", "month_date": null, "year_date": "", "year_day": null, "year_month": null, "created_at": "", "added_by": null, "added_on": "2022-02-18T22:13:11.673Z", "late_fee": false, "deadline": "yes", "late_fee_category": "generic", "late_fee_type": "one_time_fixed", "late_fee_grace": 3, "late_fee_max": "0.00", "late_fee_amount": "120.00"}}, {"model": "finance.charges", "pk": 20, "fields": {"name": "rent", "category": "rent", "amount": "600.00", "notify": "none", "duration": "monthly", "once_date": null, "week_date": "Sunday", "month_date": 18, "year_date": "", "year_day": null, "year_month": null, "created_at": "", "added_by": null, "added_on": "2022-02-18T22:13:28.259Z", "late_fee": false, "deadline": "no", "late_fee_category": "generic", "late_fee_type": null, "late_fee_grace": null, "late_fee_max": null, "late_fee_amount": "0.00"}}, {"model": "finance.charges", "pk": 21, "fields": {"name": "rent", "category": "rent", "amount": "600.00", "notify": "none", "duration": "monthly", "once_date": null, "week_date": "Sunday", "month_date": 19, "year_date": "", "year_day": null, "year_month": null, "created_at": "", "added_by": null, "added_on": "2022-02-18T22:13:46.220Z", "late_fee": false, "deadline": "no", "late_fee_category": "generic", "late_fee_type": null, "late_fee_grace": null, "late_fee_max": null, "late_fee_amount": "0.00"}}, {"model": "finance.charges", "pk": 22, "fields": {"name": "yearly", "category": "custom", "amount": "450.00", "notify": "email", "duration": "annually", "once_date": null, "week_date": "Sunday", "month_date": null, "year_date": "19,February", "year_day": 19, "year_month": "February", "created_at": "", "added_by": null, "added_on": "2022-02-19T07:40:37.508Z", "late_fee": false, "deadline": "no", "late_fee_category": "generic", "late_fee_type": null, "late_fee_grace": 0, "late_fee_max": "0.00", "late_fee_amount": "0.00"}}, {"model": "finance.charges", "pk": 23, "fields": {"name": "once", "category": "custom", "amount": "750.00", "notify": "none", "duration": "once", "once_date": "2022-02-19", "week_date": "Sunday", "month_date": null, "year_date": "18,February", "year_day": null, "year_month": null, "created_at": "", "added_by": null, "added_on": "2022-02-19T07:40:51.294Z", "late_fee": false, "deadline": "no", "late_fee_category": "generic", "late_fee_type": null, "late_fee_grace": 0, "late_fee_max": "0.00", "late_fee_amount": "0.00"}}, {"model": "finance.charges", "pk": 24, "fields": {"name": "weekly", "category": "custom", "amount": "650.00", "notify": "none", "duration": "weekly", "once_date": null, "week_date": "Saturday", "month_date": null, "year_date": "", "year_day": null, "year_month": null, "created_at": "", "added_by": null, "added_on": "2022-02-19T07:41:09.015Z", "late_fee": false, "deadline": "no", "late_fee_category": "generic", "late_fee_type": null, "late_fee_grace": 0, "late_fee_max": "0.00", "late_fee_amount": "0.00"}}, {"model": "finance.charges", "pk": 25, "fields": {"name": "rent", "category": "rent", "amount": "600.00", "notify": "email", "duration": "monthly", "once_date": null, "week_date": "Sunday", "month_date": 19, "year_date": "", "year_day": null, "year_month": null, "created_at": "", "added_by": null, "added_on": "2022-02-19T09:06:03.073Z", "late_fee": false, "deadline": "no", "late_fee_category": "generic", "late_fee_type": null, "late_fee_grace": 0, "late_fee_max": "0.00", "late_fee_amount": "0.00"}}, {"model": "finance.charges", "pk": 26, "fields": {"name": "rent", "category": "rent", "amount": "100.00", "notify": "email", "duration": "monthly", "once_date": null, "week_date": "Sunday", "month_date": 20, "year_date": "", "year_day": null, "year_month": null, "created_at": "", "added_by": null, "added_on": "2022-02-20T09:53:54.193Z", "late_fee": false, "deadline": "no", "late_fee_category": "generic", "late_fee_type": null, "late_fee_grace": 0, "late_fee_max": "0.00", "late_fee_amount": "0.00"}}, {"model": "finance.charges", "pk": 27, "fields": {"name": "yearly", "category": "custom", "amount": "450.00", "notify": "email", "duration": "annually", "once_date": null, "week_date": "Sunday", "month_date": null, "year_date": "20,February", "year_day": 20, "year_month": "February", "created_at": "", "added_by": null, "added_on": "2022-02-20T09:54:21.237Z", "late_fee": false, "deadline": "no", "late_fee_category": "generic", "late_fee_type": null, "late_fee_grace": 0, "late_fee_max": "0.00", "late_fee_amount": "0.00"}}, {"model": "finance.charges", "pk": 28, "fields": {"name": "once", "category": "custom", "amount": "750.00", "notify": "none", "duration": "once", "once_date": "2022-02-20", "week_date": "Sunday", "month_date": null, "year_date": "18,February", "year_day": null, "year_month": null, "created_at": "", "added_by": null, "added_on": "2022-02-20T09:54:36.012Z", "late_fee": false, "deadline": "no", "late_fee_category": "generic", "late_fee_type": null, "late_fee_grace": 0, "late_fee_max": "0.00", "late_fee_amount": "0.00"}}, {"model": "finance.charges", "pk": 29, "fields": {"name": "service charge", "category": "service charge", "amount": "550.00", "notify": "email", "duration": "weekly", "once_date": null, "week_date": "Sunday", "month_date": null, "year_date": "", "year_day": null, "year_month": null, "created_at": "", "added_by": null, "added_on": "2022-02-20T09:55:15.945Z", "late_fee": false, "deadline": "yes", "late_fee_category": "generic", "late_fee_type": null, "late_fee_grace": 3, "late_fee_max": "0.00", "late_fee_amount": "120.00"}}, {"model": "finance.statement", "pk": 52, "fields": {"statement_invoice": "INV26503811A", "statement_receipt": null, "lease": 2, "type": "invoice", "amount": "2200.00", "amount_sorted": "0.00", "amount_removed": "0.00", "created_on": "2022-02-10T11:43:11.338Z", "added_on": "2022-02-10T08:43:11.347Z", "added_by": 1}}, {"model": "finance.statement", "pk": 53, "fields": {"statement_invoice": "INV36503811A", "statement_receipt": null, "lease": 3, "type": "invoice", "amount": "2200.00", "amount_sorted": "0.00", "amount_removed": "0.00", "created_on": "2022-02-10T11:43:11.338Z", "added_on": "2022-02-10T08:43:11.375Z", "added_by": 1}}, {"model": "finance.statement", "pk": 54, "fields": {"statement_invoice": "INV16503811A", "statement_receipt": null, "lease": 1, "type": "invoice", "amount": "2200.00", "amount_sorted": "0.00", "amount_removed": "0.00", "created_on": "2022-02-10T11:43:11.338Z", "added_on": "2022-02-10T08:43:11.388Z", "added_by": 1}}, {"model": "finance.statement", "pk": 55, "fields": {"statement_invoice": "INV23F7FBBC5", "statement_receipt": null, "lease": 2, "type": "invoice", "amount": "1500.00", "amount_sorted": "1500.00", "amount_removed": "0.00", "created_on": "2022-01-12T00:00:00Z", "added_on": "2022-02-10T08:47:06.071Z", "added_by": 1}}, {"model": "finance.statement", "pk": 56, "fields": {"statement_invoice": "INV13F7FBBC5", "statement_receipt": null, "lease": 1, "type": "invoice", "amount": "1500.00", "amount_sorted": "1500.00", "amount_removed": "0.00", "created_on": "2022-01-12T00:00:00Z", "added_on": "2022-02-10T08:47:06.117Z", "added_by": 1}}, {"model": "finance.statement", "pk": 57, "fields": {"statement_invoice": "INV2964286E4", "statement_receipt": null, "lease": 2, "type": "invoice", "amount": "250.00", "amount_sorted": "250.00", "amount_removed": "0.00", "created_on": "2021-12-12T00:00:00Z", "added_on": "2022-02-10T08:54:01.699Z", "added_by": 1}}, {"model": "finance.statement", "pk": 58, "fields": {"statement_invoice": "INV1964286E4", "statement_receipt": null, "lease": 1, "type": "invoice", "amount": "250.00", "amount_sorted": "250.00", "amount_removed": "0.00", "created_on": "2021-12-12T00:00:00Z", "added_on": "2022-02-10T08:54:01.750Z", "added_by": 1}}, {"model": "finance.statement", "pk": 63, "fields": {"statement_invoice": "INV371517DA9", "statement_receipt": null, "lease": 3, "type": "invoice", "amount": "600.00", "amount_sorted": "600.00", "amount_removed": "0.00", "created_on": "2022-02-10T13:35:16Z", "added_on": "2022-02-10T10:35:16.614Z", "added_by": 1}}, {"model": "finance.statement", "pk": 68, "fields": {"statement_invoice": "CRED136D701D4", "statement_receipt": null, "lease": 1, "type": "credit note", "amount": "-2200.00", "amount_sorted": "0.00", "amount_removed": "0.00", "created_on": "2022-02-10T14:57:08.401Z", "added_on": "2022-02-10T11:57:08.424Z", "added_by": 1}}, {"model": "finance.statement", "pk": 69, "fields": {"statement_invoice": "INV284104B6D", "statement_receipt": null, "lease": 2, "type": "invoice", "amount": "1600.00", "amount_sorted": "1600.00", "amount_removed": "0.00", "created_on": "2022-02-12T11:54:19.966Z", "added_on": "2022-02-12T08:54:19.981Z", "added_by": 1}}, {"model": "finance.statement", "pk": 70, "fields": {"statement_invoice": "INV22BAA53DD", "statement_receipt": null, "lease": 2, "type": "invoice", "amount": "850.00", "amount_sorted": "850.00", "amount_removed": "0.00", "created_on": "2022-02-12T11:57:25.330Z", "added_on": "2022-02-12T08:57:25.343Z", "added_by": 1}}, {"model": "finance.statement", "pk": 71, "fields": {"statement_invoice": "INV2745DF61B", "statement_receipt": null, "lease": 2, "type": "invoice", "amount": "800.00", "amount_sorted": "800.00", "amount_removed": "0.00", "created_on": "2022-02-12T12:25:01.946Z", "added_on": "2022-02-12T09:25:01.980Z", "added_by": 1}}, {"model": "finance.statement", "pk": 72, "fields": {"statement_invoice": "INV3745DF61B", "statement_receipt": null, "lease": 3, "type": "invoice", "amount": "0.00", "amount_sorted": "0.00", "amount_removed": "0.00", "created_on": "2022-02-12T12:25:01.946Z", "added_on": "2022-02-12T09:25:02.091Z", "added_by": 1}}, {"model": "finance.statement", "pk": 73, "fields": {"statement_invoice": "INV2F110A4C2", "statement_receipt": null, "lease": 2, "type": "invoice", "amount": "3950.00", "amount_sorted": "2500.00", "amount_removed": "0.00", "created_on": "2022-02-12T12:33:11.225Z", "added_on": "2022-02-12T09:33:11.247Z", "added_by": 1}}, {"model": "finance.statement", "pk": 74, "fields": {"statement_invoice": "INV3F110A4C2", "statement_receipt": null, "lease": 3, "type": "invoice", "amount": "0.00", "amount_sorted": "0.00", "amount_removed": "0.00", "created_on": "2022-02-12T12:33:11.225Z", "added_on": "2022-02-12T09:33:11.346Z", "added_by": 1}}, {"model": "finance.statement", "pk": 75, "fields": {"statement_invoice": "INV2ABE8B178", "statement_receipt": null, "lease": 2, "type": "invoice", "amount": "2450.00", "amount_sorted": "0.00", "amount_removed": "0.00", "created_on": "2022-02-12T12:48:31.736Z", "added_on": "2022-02-12T09:48:31.750Z", "added_by": 1}}, {"model": "finance.statement", "pk": 76, "fields": {"statement_invoice": "INV20949B5BE", "statement_receipt": null, "lease": 2, "type": "invoice", "amount": "1120.00", "amount_sorted": "0.00", "amount_removed": "0.00", "created_on": "2022-02-12T12:51:31.055Z", "added_on": "2022-02-12T09:51:31.079Z", "added_by": 1}}, {"model": "finance.statement", "pk": 77, "fields": {"statement_invoice": "INV2250A5E73", "statement_receipt": null, "lease": 2, "type": "invoice", "amount": "790.00", "amount_sorted": "0.00", "amount_removed": "0.00", "created_on": "2022-02-12T12:55:09.976Z", "added_on": "2022-02-12T09:55:09.995Z", "added_by": 1}}, {"model": "finance.statement", "pk": 78, "fields": {"statement_invoice": "INV3250A5E73", "statement_receipt": null, "lease": 3, "type": "invoice", "amount": "0.00", "amount_sorted": "0.00", "amount_removed": "0.00", "created_on": "2022-02-12T12:55:09.976Z", "added_on": "2022-02-12T09:55:10.118Z", "added_by": 1}}, {"model": "finance.statement", "pk": 79, "fields": {"statement_invoice": "INV28738C373", "statement_receipt": null, "lease": 2, "type": "invoice", "amount": "2150.00", "amount_sorted": "0.00", "amount_removed": "0.00", "created_on": "2022-02-12T13:05:16.442Z", "added_on": "2022-02-12T10:05:16.479Z", "added_by": 1}}, {"model": "finance.statement", "pk": 80, "fields": {"statement_invoice": "INV38738C373", "statement_receipt": null, "lease": 3, "type": "invoice", "amount": "2150.00", "amount_sorted": "2150.00", "amount_removed": "0.00", "created_on": "2022-02-12T13:05:16Z", "added_on": "2022-02-12T10:05:16.577Z", "added_by": 1}}, {"model": "finance.statement", "pk": 81, "fields": {"statement_invoice": "INV18738C373", "statement_receipt": null, "lease": 1, "type": "invoice", "amount": "2150.00", "amount_sorted": "250.00", "amount_removed": "0.00", "created_on": "2022-02-12T13:05:16.442Z", "added_on": "2022-02-12T10:05:16.628Z", "added_by": 1}}, {"model": "finance.statement", "pk": 82, "fields": {"statement_invoice": "INV1122D91F5", "statement_receipt": null, "lease": 1, "type": "invoice", "amount": "3400.00", "amount_sorted": "0.00", "amount_removed": "0.00", "created_on": "2022-02-12T13:28:48.014Z", "added_on": "2022-02-12T10:28:48.032Z", "added_by": 1}}, {"model": "finance.statement", "pk": 86, "fields": {"statement_invoice": "CRED2704004EE", "statement_receipt": null, "lease": 2, "type": "credit note", "amount": "-2200.00", "amount_sorted": "0.00", "amount_removed": "0.00", "created_on": "2022-02-12T18:15:31.208Z", "added_on": "2022-02-12T15:15:31.233Z", "added_by": 1}}, {"model": "finance.statement", "pk": 87, "fields": {"statement_invoice": "CRED3256FBB03", "statement_receipt": null, "lease": 3, "type": "credit note", "amount": "-2200.00", "amount_sorted": "0.00", "amount_removed": "0.00", "created_on": "2022-02-12T18:19:42.737Z", "added_on": "2022-02-12T15:19:42.759Z", "added_by": 1}}, {"model": "finance.statement", "pk": 126, "fields": {"statement_invoice": "INV25E9E9444", "statement_receipt": null, "lease": 2, "type": "invoice", "amount": "1850.00", "amount_sorted": "0.00", "amount_removed": "0.00", "created_on": "2022-02-19T00:00:00Z", "added_on": "2022-02-19T09:09:00.277Z", "added_by": 1}}, {"model": "finance.statement", "pk": 127, "fields": {"statement_invoice": "INV35E9E9444", "statement_receipt": null, "lease": 3, "type": "invoice", "amount": "1150.00", "amount_sorted": "250.00", "amount_removed": "0.00", "created_on": "2022-02-19T00:00:00Z", "added_on": "2022-02-19T09:09:00.398Z", "added_by": 1}}, {"model": "finance.statement", "pk": 128, "fields": {"statement_invoice": "INV1F9079284", "statement_receipt": null, "lease": 1, "type": "invoice", "amount": "100.00", "amount_sorted": "0.00", "amount_removed": "0.00", "created_on": "2022-02-20T00:00:00Z", "added_on": "2022-02-20T10:01:00.191Z", "added_by": 1}}, {"model": "finance.statement", "pk": 129, "fields": {"statement_invoice": "INV2F9079284", "statement_receipt": null, "lease": 2, "type": "invoice", "amount": "1200.00", "amount_sorted": "0.00", "amount_removed": "0.00", "created_on": "2022-02-20T00:00:00Z", "added_on": "2022-02-20T10:01:00.234Z", "added_by": 1}}, {"model": "finance.statement", "pk": 130, "fields": {"statement_invoice": "INV3F9079284", "statement_receipt": null, "lease": 3, "type": "invoice", "amount": "550.00", "amount_sorted": "0.00", "amount_removed": "0.00", "created_on": "2022-02-20T00:00:00Z", "added_on": "2022-02-20T10:01:00.262Z", "added_by": 1}}, {"model": "finance.statement", "pk": 131, "fields": {"statement_invoice": null, "statement_receipt": "RCPT296715EB5", "lease": 2, "type": "payment", "amount": "4500.00", "amount_sorted": "0.00", "amount_removed": "0.00", "created_on": "2021-11-25T00:00:00Z", "added_on": "2022-02-21T17:00:43.926Z", "added_by": 1}}, {"model": "finance.statement", "pk": 132, "fields": {"statement_invoice": null, "statement_receipt": "RCPT2347CA514", "lease": 2, "type": "payment", "amount": "3000.00", "amount_sorted": "0.00", "amount_removed": "0.00", "created_on": "2022-01-17T00:00:00Z", "added_on": "2022-02-21T17:01:30.900Z", "added_by": 1}}, {"model": "finance.statement", "pk": 136, "fields": {"statement_invoice": null, "statement_receipt": "RCPT15B2D7AF4", "lease": 1, "type": "payment", "amount": "2000.00", "amount_sorted": "0.00", "amount_removed": "0.00", "created_on": "2022-02-09T00:00:00Z", "added_on": "2022-02-21T17:24:06.996Z", "added_by": 1}}, {"model": "finance.statement", "pk": 137, "fields": {"statement_invoice": null, "statement_receipt": "RCPT82DF94565", "lease": 8, "type": "payment", "amount": "7500.00", "amount_sorted": "0.00", "amount_removed": "0.00", "created_on": "2022-02-15T00:00:00Z", "added_on": "2022-02-22T09:11:48.361Z", "added_by": 1}}, {"model": "finance.statement", "pk": 140, "fields": {"statement_invoice": null, "statement_receipt": "RCPT30B4512BE", "lease": 3, "type": "payment", "amount": "2500.00", "amount_sorted": "0.00", "amount_removed": "0.00", "created_on": "2022-02-16T00:00:00Z", "added_on": "2022-02-22T11:44:55.184Z", "added_by": 1}}, {"model": "finance.statement", "pk": 141, "fields": {"statement_invoice": null, "statement_receipt": "RCPT3942AE1A4", "lease": 3, "type": "payment", "amount": "500.00", "amount_sorted": "0.00", "amount_removed": "0.00", "created_on": "2022-02-16T00:00:00Z", "added_on": "2022-02-22T11:46:06.298Z", "added_by": 1}}, {"model": "finance.statement", "pk": 142, "fields": {"statement_invoice": "INV835C6A8DF", "statement_receipt": null, "lease": 8, "type": "invoice", "amount": "2005.00", "amount_sorted": "2005.00", "amount_removed": "0.00", "created_on": "2022-02-22T20:50:06Z", "added_on": "2022-02-22T17:50:06.299Z", "added_by": 1}}, {"model": "finance.statement", "pk": 144, "fields": {"statement_invoice": "INV8717CD592", "statement_receipt": null, "lease": 8, "type": "invoice", "amount": "3190.00", "amount_sorted": "0.00", "amount_removed": "0.00", "created_on": "2022-02-23T18:23:21.714Z", "added_on": "2022-02-23T15:23:21.734Z", "added_by": 1}}, {"model": "finance.statement", "pk": 145, "fields": {"statement_invoice": "INV226D6EF02", "statement_receipt": null, "lease": 2, "type": "invoice", "amount": "5100.00", "amount_sorted": "0.00", "amount_removed": "0.00", "created_on": "2022-02-23T18:28:36.401Z", "added_on": "2022-02-23T15:28:36.409Z", "added_by": 1}}, {"model": "finance.statement", "pk": 155, "fields": {"statement_invoice": "INV8AFAD0FA0", "statement_receipt": null, "lease": 8, "type": "invoice", "amount": "46.80", "amount_sorted": "0.00", "amount_removed": "0.00", "created_on": "2022-02-23T00:00:00Z", "added_on": "2022-02-23T16:50:02.028Z", "added_by": 1}}, {"model": "finance.statement", "pk": 156, "fields": {"statement_invoice": "INV8AFAD0FA0", "statement_receipt": null, "lease": 8, "type": "invoice", "amount": "210.00", "amount_sorted": "0.00", "amount_removed": "0.00", "created_on": "2022-02-23T00:00:00Z", "added_on": "2022-02-23T16:50:02.058Z", "added_by": 1}}, {"model": "finance.statement", "pk": 157, "fields": {"statement_invoice": "INV3AFAD0FA0", "statement_receipt": null, "lease": 3, "type": "invoice", "amount": "120.00", "amount_sorted": "0.00", "amount_removed": "0.00", "created_on": "2022-02-23T00:00:00Z", "added_on": "2022-02-23T16:50:02.078Z", "added_by": 1}}, {"model": "finance.statement", "pk": 158, "fields": {"statement_invoice": "INV2AFAD0FA0", "statement_receipt": null, "lease": 2, "type": "invoice", "amount": "50.00", "amount_sorted": "0.00", "amount_removed": "0.00", "created_on": "2022-02-23T00:00:00Z", "added_on": "2022-02-23T16:50:02.099Z", "added_by": 1}}, {"model": "finance.statement", "pk": 159, "fields": {"statement_invoice": "INV2AFAD0FA0", "statement_receipt": null, "lease": 2, "type": "invoice", "amount": "300.00", "amount_sorted": "0.00", "amount_removed": "0.00", "created_on": "2022-02-23T00:00:00Z", "added_on": "2022-02-23T16:50:02.118Z", "added_by": 1}}, {"model": "finance.statement", "pk": 160, "fields": {"statement_invoice": "INV8AFAD0FA0", "statement_receipt": null, "lease": 8, "type": "invoice", "amount": "200.00", "amount_sorted": "0.00", "amount_removed": "0.00", "created_on": "2022-02-23T00:00:00Z", "added_on": "2022-02-23T16:50:02.129Z", "added_by": 1}}, {"model": "finance.statement", "pk": 161, "fields": {"statement_invoice": "INV2AFAD0FA0", "statement_receipt": null, "lease": 2, "type": "invoice", "amount": "150.00", "amount_sorted": "0.00", "amount_removed": "0.00", "created_on": "2022-02-23T00:00:00Z", "added_on": "2022-02-23T16:50:02.148Z", "added_by": 1}}, {"model": "finance.statement", "pk": 162, "fields": {"statement_invoice": "INV249C38C4F", "statement_receipt": null, "lease": 2, "type": "invoice", "amount": "50.00", "amount_sorted": "0.00", "amount_removed": "0.00", "created_on": "2022-02-23T00:00:00Z", "added_on": "2022-02-23T16:52:36.598Z", "added_by": 1}}, {"model": "finance.statement", "pk": 163, "fields": {"statement_invoice": "INV249C38C4F", "statement_receipt": null, "lease": 2, "type": "invoice", "amount": "300.00", "amount_sorted": "0.00", "amount_removed": "0.00", "created_on": "2022-02-23T00:00:00Z", "added_on": "2022-02-23T16:52:36.643Z", "added_by": 1}}, {"model": "finance.statement", "pk": 164, "fields": {"statement_invoice": "INV249C38C4F", "statement_receipt": null, "lease": 2, "type": "invoice", "amount": "150.00", "amount_sorted": "0.00", "amount_removed": "0.00", "created_on": "2022-02-23T00:00:00Z", "added_on": "2022-02-23T16:52:36.680Z", "added_by": 1}}, {"model": "finance.statement", "pk": 165, "fields": {"statement_invoice": "INV25D8F4B9A", "statement_receipt": null, "lease": 2, "type": "invoice", "amount": "300.00", "amount_sorted": "0.00", "amount_removed": "0.00", "created_on": "2022-02-23T00:00:00Z", "added_on": "2022-02-23T17:13:00.647Z", "added_by": 1}}, {"model": "finance.statement", "pk": 166, "fields": {"statement_invoice": "INV2931688F3", "statement_receipt": null, "lease": 2, "type": "invoice", "amount": "300.00", "amount_sorted": "0.00", "amount_removed": "0.00", "created_on": "2022-02-23T00:00:00Z", "added_on": "2022-02-23T17:13:00.647Z", "added_by": 1}}, {"model": "finance.statement", "pk": 167, "fields": {"statement_invoice": "INV25D8F4B9A", "statement_receipt": null, "lease": 2, "type": "invoice", "amount": "150.00", "amount_sorted": "0.00", "amount_removed": "0.00", "created_on": "2022-02-23T00:00:00Z", "added_on": "2022-02-23T17:13:00.860Z", "added_by": 1}}, {"model": "finance.statement", "pk": 168, "fields": {"statement_invoice": "INV2931688F3", "statement_receipt": null, "lease": 2, "type": "invoice", "amount": "150.00", "amount_sorted": "0.00", "amount_removed": "0.00", "created_on": "2022-02-23T00:00:00Z", "added_on": "2022-02-23T17:13:00.938Z", "added_by": 1}}, {"model": "finance.invoice", "pk": 21, "fields": {"invoice_group": 52, "invoice_group_bulk": "6503811A", "is_cancelled": true, "invoice_type": "invoice", "invoice_duration": "once", "status": "not paid", "name": "rent", "cancelled_invoice": null, "amount": "1700.00", "amount_sorted": "0.00", "amount_late_fee": "0.00", "lease": 2, "communication": "none", "description": "test comments for every tenant on my list", "currency": "USD", "late_fee": false, "late_fee_status": "active", "deadline": "yes", "late_fee_category": "generic", "deadline_date": "2022-02-12", "late_fee_invoice": null, "late_fee_type": "one_time_fixed", "late_fee_grace": 2, "late_fee_date": null, "late_fee_max": "0.00", "late_fee_amount": "900.00", "created_on": "2022-02-10T11:43:11.338Z", "added_on": "2022-02-10T08:43:11.358Z", "added_by": 1, "created_by": "user"}}, {"model": "finance.invoice", "pk": 22, "fields": {"invoice_group": 52, "invoice_group_bulk": "6503811A", "is_cancelled": true, "invoice_type": "invoice", "invoice_duration": "once", "status": "not paid", "name": "water", "cancelled_invoice": null, "amount": "500.00", "amount_sorted": "0.00", "amount_late_fee": "0.00", "lease": 2, "communication": "none", "description": "test comments for every tenant on my list", "currency": "USD", "late_fee": false, "late_fee_status": "active", "deadline": "no", "late_fee_category": "generic", "deadline_date": null, "late_fee_invoice": null, "late_fee_type": "null", "late_fee_grace": 0, "late_fee_date": null, "late_fee_max": "0.00", "late_fee_amount": "0.00", "created_on": "2022-02-10T11:43:11.338Z", "added_on": "2022-02-10T08:43:11.369Z", "added_by": 1, "created_by": "user"}}, {"model": "finance.invoice", "pk": 23, "fields": {"invoice_group": 53, "invoice_group_bulk": "6503811A", "is_cancelled": true, "invoice_type": "invoice", "invoice_duration": "once", "status": "not paid", "name": "rent", "cancelled_invoice": null, "amount": "1700.00", "amount_sorted": "0.00", "amount_late_fee": "0.00", "lease": 3, "communication": "none", "description": "test comments for every tenant on my list", "currency": "USD", "late_fee": false, "late_fee_status": "active", "deadline": "yes", "late_fee_category": "generic", "deadline_date": "2022-02-12", "late_fee_invoice": null, "late_fee_type": "one_time_fixed", "late_fee_grace": 2, "late_fee_date": null, "late_fee_max": "0.00", "late_fee_amount": "900.00", "created_on": "2022-02-10T11:43:11.338Z", "added_on": "2022-02-10T08:43:11.380Z", "added_by": 1, "created_by": "user"}}, {"model": "finance.invoice", "pk": 24, "fields": {"invoice_group": 53, "invoice_group_bulk": "6503811A", "is_cancelled": true, "invoice_type": "invoice", "invoice_duration": "once", "status": "not paid", "name": "water", "cancelled_invoice": null, "amount": "500.00", "amount_sorted": "0.00", "amount_late_fee": "0.00", "lease": 3, "communication": "none", "description": "test comments for every tenant on my list", "currency": "USD", "late_fee": false, "late_fee_status": "active", "deadline": "no", "late_fee_category": "generic", "deadline_date": null, "late_fee_invoice": null, "late_fee_type": "null", "late_fee_grace": 0, "late_fee_date": null, "late_fee_max": "0.00", "late_fee_amount": "0.00", "created_on": "2022-02-10T11:43:11.338Z", "added_on": "2022-02-10T08:43:11.384Z", "added_by": 1, "created_by": "user"}}, {"model": "finance.invoice", "pk": 25, "fields": {"invoice_group": 54, "invoice_group_bulk": "6503811A", "is_cancelled": true, "invoice_type": "invoice", "invoice_duration": "once", "status": "not paid", "name": "rent", "cancelled_invoice": null, "amount": "1700.00", "amount_sorted": "0.00", "amount_late_fee": "0.00", "lease": 1, "communication": "none", "description": "test comments for every tenant on my list", "currency": "USD", "late_fee": false, "late_fee_status": "active", "deadline": "yes", "late_fee_category": "generic", "deadline_date": "2022-02-12", "late_fee_invoice": null, "late_fee_type": "one_time_fixed", "late_fee_grace": 2, "late_fee_date": null, "late_fee_max": "0.00", "late_fee_amount": "900.00", "created_on": "2022-02-10T11:43:11Z", "added_on": "2022-02-10T08:43:11.392Z", "added_by": 1, "created_by": "user"}}, {"model": "finance.invoice", "pk": 26, "fields": {"invoice_group": 54, "invoice_group_bulk": "6503811A", "is_cancelled": true, "invoice_type": "invoice", "invoice_duration": "once", "status": "not paid", "name": "water", "cancelled_invoice": null, "amount": "500.00", "amount_sorted": "0.00", "amount_late_fee": "0.00", "lease": 1, "communication": "none", "description": "test comments for every tenant on my list", "currency": "USD", "late_fee": false, "late_fee_status": "active", "deadline": "no", "late_fee_category": "generic", "deadline_date": null, "late_fee_invoice": null, "late_fee_type": "null", "late_fee_grace": 0, "late_fee_date": null, "late_fee_max": "0.00", "late_fee_amount": "0.00", "created_on": "2022-02-10T11:43:11Z", "added_on": "2022-02-10T08:43:11.396Z", "added_by": 1, "created_by": "user"}}, {"model": "finance.invoice", "pk": 27, "fields": {"invoice_group": 55, "invoice_group_bulk": "3F7FBBC5", "is_cancelled": false, "invoice_type": "invoice", "invoice_duration": "once", "status": "not paid", "name": "rent", "cancelled_invoice": null, "amount": "1500.00", "amount_sorted": "1500.00", "amount_late_fee": "0.00", "lease": 2, "communication": "none", "description": "test comments 1500 for rent", "currency": "USD", "late_fee": false, "late_fee_status": "active", "deadline": "yes", "late_fee_category": "generic", "deadline_date": "2022-02-13", "late_fee_invoice": null, "late_fee_type": "one_time_percent_unpaid", "late_fee_grace": 3, "late_fee_date": null, "late_fee_max": "0.00", "late_fee_amount": "12.00", "created_on": "2022-01-12T00:00:00Z", "added_on": "2022-02-10T08:47:06.104Z", "added_by": 1, "created_by": "user"}}, {"model": "finance.invoice", "pk": 28, "fields": {"invoice_group": 56, "invoice_group_bulk": "3F7FBBC5", "is_cancelled": false, "invoice_type": "invoice", "invoice_duration": "once", "status": "not paid", "name": "rent", "cancelled_invoice": null, "amount": "1500.00", "amount_sorted": "1500.00", "amount_late_fee": "0.00", "lease": 1, "communication": "none", "description": "test comments 1500 for rent", "currency": "USD", "late_fee": false, "late_fee_status": "active", "deadline": "yes", "late_fee_category": "generic", "deadline_date": "2022-01-13", "late_fee_invoice": null, "late_fee_type": "one_time_percent_unpaid", "late_fee_grace": 3, "late_fee_date": null, "late_fee_max": "0.00", "late_fee_amount": "12.00", "created_on": "2022-01-12T00:00:00Z", "added_on": "2022-02-10T08:47:06.122Z", "added_by": 1, "created_by": "user"}}, {"model": "finance.invoice", "pk": 29, "fields": {"invoice_group": 57, "invoice_group_bulk": "964286E4", "is_cancelled": false, "invoice_type": "invoice", "invoice_duration": "once", "status": "not paid", "name": "swimming pool", "cancelled_invoice": null, "amount": "150.00", "amount_sorted": "150.00", "amount_late_fee": "0.00", "lease": 2, "communication": "none", "description": "recreational charges, invoice is for testing", "currency": "USD", "late_fee": false, "late_fee_status": "active", "deadline": "no", "late_fee_category": "generic", "deadline_date": null, "late_fee_invoice": null, "late_fee_type": "null", "late_fee_grace": 0, "late_fee_date": null, "late_fee_max": "0.00", "late_fee_amount": "0.00", "created_on": "2021-12-12T00:00:00Z", "added_on": "2022-02-10T08:54:01.729Z", "added_by": 1, "created_by": "user"}}, {"model": "finance.invoice", "pk": 30, "fields": {"invoice_group": 57, "invoice_group_bulk": "964286E4", "is_cancelled": false, "invoice_type": "invoice", "invoice_duration": "once", "status": "not paid", "name": "tennis court", "cancelled_invoice": null, "amount": "100.00", "amount_sorted": "100.00", "amount_late_fee": "0.00", "lease": 2, "communication": "none", "description": "recreational charges, invoice is for testing", "currency": "USD", "late_fee": false, "late_fee_status": "active", "deadline": "yes", "late_fee_category": "generic", "deadline_date": "2022-02-14", "late_fee_invoice": null, "late_fee_type": "one_time_percent_unpaid", "late_fee_grace": 4, "late_fee_date": null, "late_fee_max": "0.00", "late_fee_amount": "12.00", "created_on": "2021-12-12T00:00:00Z", "added_on": "2022-02-10T08:54:01.741Z", "added_by": 1, "created_by": "user"}}, {"model": "finance.invoice", "pk": 31, "fields": {"invoice_group": 58, "invoice_group_bulk": "964286E4", "is_cancelled": false, "invoice_type": "invoice", "invoice_duration": "once", "status": "not paid", "name": "swimming pool", "cancelled_invoice": null, "amount": "150.00", "amount_sorted": "150.00", "amount_late_fee": "0.00", "lease": 1, "communication": "none", "description": "recreational charges, invoice is for testing", "currency": "USD", "late_fee": false, "late_fee_status": "active", "deadline": "no", "late_fee_category": "generic", "deadline_date": null, "late_fee_invoice": null, "late_fee_type": "null", "late_fee_grace": 0, "late_fee_date": null, "late_fee_max": "0.00", "late_fee_amount": "0.00", "created_on": "2021-12-12T00:00:00Z", "added_on": "2022-02-10T08:54:01.756Z", "added_by": 1, "created_by": "user"}}, {"model": "finance.invoice", "pk": 32, "fields": {"invoice_group": 58, "invoice_group_bulk": "964286E4", "is_cancelled": false, "invoice_type": "invoice", "invoice_duration": "once", "status": "not paid", "name": "tennis court", "cancelled_invoice": null, "amount": "100.00", "amount_sorted": "100.00", "amount_late_fee": "0.00", "lease": 1, "communication": "none", "description": "recreational charges, invoice is for testing", "currency": "USD", "late_fee": false, "late_fee_status": "active", "deadline": "yes", "late_fee_category": "generic", "deadline_date": "2022-02-14", "late_fee_invoice": null, "late_fee_type": "one_time_percent_unpaid", "late_fee_grace": 4, "late_fee_date": null, "late_fee_max": "0.00", "late_fee_amount": "12.00", "created_on": "2021-12-12T00:00:00Z", "added_on": "2022-02-10T08:54:01.762Z", "added_by": 1, "created_by": "user"}}, {"model": "finance.invoice", "pk": 33, "fields": {"invoice_group": 63, "invoice_group_bulk": "71517DA9", "is_cancelled": false, "invoice_type": "invoice", "invoice_duration": "once", "status": "not paid", "name": "Pet deposit", "cancelled_invoice": null, "amount": "500.00", "amount_sorted": "500.00", "amount_late_fee": "0.00", "lease": 3, "communication": "email", "description": null, "currency": "USD", "late_fee": false, "late_fee_status": "active", "deadline": "no", "late_fee_category": "generic", "deadline_date": null, "late_fee_invoice": null, "late_fee_type": "null", "late_fee_grace": 0, "late_fee_date": null, "late_fee_max": "0.00", "late_fee_amount": "0.00", "created_on": "2022-02-10T13:35:16Z", "added_on": "2022-02-10T10:35:16.647Z", "added_by": 1, "created_by": "user"}}, {"model": "finance.invoice", "pk": 34, "fields": {"invoice_group": 63, "invoice_group_bulk": "71517DA9", "is_cancelled": false, "invoice_type": "invoice", "invoice_duration": "once", "status": "not paid", "name": "swimming pool", "cancelled_invoice": null, "amount": "100.00", "amount_sorted": "100.00", "amount_late_fee": "0.00", "lease": 3, "communication": "email", "description": null, "currency": "USD", "late_fee": false, "late_fee_status": "active", "deadline": "no", "late_fee_category": "generic", "deadline_date": null, "late_fee_invoice": null, "late_fee_type": "null", "late_fee_grace": 0, "late_fee_date": null, "late_fee_max": "0.00", "late_fee_amount": "0.00", "created_on": "2022-02-10T13:35:16Z", "added_on": "2022-02-10T10:35:16.656Z", "added_by": 1, "created_by": "user"}}, {"model": "finance.invoice", "pk": 35, "fields": {"invoice_group": 68, "invoice_group_bulk": "36D701D4", "is_cancelled": false, "invoice_type": "credit note", "invoice_duration": "once", "status": "not paid", "name": "rent", "cancelled_invoice": 25, "amount": "-1700.00", "amount_sorted": "0.00", "amount_late_fee": "0.00", "lease": 1, "communication": "none", "description": "test comments for every tenant on my list", "currency": "USD", "late_fee": false, "late_fee_status": "active", "deadline": "yes", "late_fee_category": "generic", "deadline_date": "2022-02-12", "late_fee_invoice": null, "late_fee_type": "one_time_fixed", "late_fee_grace": 2, "late_fee_date": null, "late_fee_max": "0.00", "late_fee_amount": "900.00", "created_on": "2022-02-10T14:57:08.401Z", "added_on": "2022-02-10T11:57:08.466Z", "added_by": 1, "created_by": "user"}}, {"model": "finance.invoice", "pk": 36, "fields": {"invoice_group": 68, "invoice_group_bulk": "36D701D4", "is_cancelled": false, "invoice_type": "credit note", "invoice_duration": "once", "status": "not paid", "name": "water", "cancelled_invoice": 25, "amount": "-500.00", "amount_sorted": "0.00", "amount_late_fee": "0.00", "lease": 1, "communication": "none", "description": "test comments for every tenant on my list", "currency": "USD", "late_fee": false, "late_fee_status": "active", "deadline": "no", "late_fee_category": "generic", "deadline_date": null, "late_fee_invoice": null, "late_fee_type": "null", "late_fee_grace": 0, "late_fee_date": null, "late_fee_max": "0.00", "late_fee_amount": "0.00", "created_on": "2022-02-10T14:57:08.401Z", "added_on": "2022-02-10T11:57:08.477Z", "added_by": 1, "created_by": "user"}}, {"model": "finance.invoice", "pk": 37, "fields": {"invoice_group": 69, "invoice_group_bulk": "84104B6D", "is_cancelled": false, "invoice_type": "invoice", "invoice_duration": "once", "status": "not paid", "name": "rent", "cancelled_invoice": null, "amount": "1200.00", "amount_sorted": "1200.00", "amount_late_fee": "0.00", "lease": 2, "communication": "email", "description": "test invoice comments", "currency": "USD", "late_fee": false, "late_fee_status": "active", "deadline": "no", "late_fee_category": "generic", "deadline_date": null, "late_fee_invoice": null, "late_fee_type": "null", "late_fee_grace": 0, "late_fee_date": null, "late_fee_max": "0.00", "late_fee_amount": "0.00", "created_on": "2022-02-12T11:54:19.966Z", "added_on": "2022-02-12T08:54:20.022Z", "added_by": 1, "created_by": "user"}}, {"model": "finance.invoice", "pk": 38, "fields": {"invoice_group": 69, "invoice_group_bulk": "84104B6D", "is_cancelled": false, "invoice_type": "invoice", "invoice_duration": "once", "status": "not paid", "name": "water", "cancelled_invoice": null, "amount": "400.00", "amount_sorted": "400.00", "amount_late_fee": "0.00", "lease": 2, "communication": "email", "description": "test invoice comments", "currency": "USD", "late_fee": false, "late_fee_status": "active", "deadline": "no", "late_fee_category": "generic", "deadline_date": null, "late_fee_invoice": null, "late_fee_type": "null", "late_fee_grace": 0, "late_fee_date": null, "late_fee_max": "0.00", "late_fee_amount": "0.00", "created_on": "2022-02-12T11:54:19.966Z", "added_on": "2022-02-12T08:54:20.049Z", "added_by": 1, "created_by": "user"}}, {"model": "finance.invoice", "pk": 39, "fields": {"invoice_group": 70, "invoice_group_bulk": "2BAA53DD", "is_cancelled": false, "invoice_type": "invoice", "invoice_duration": "once", "status": "not paid", "name": "swimming pool", "cancelled_invoice": null, "amount": "300.00", "amount_sorted": "300.00", "amount_late_fee": "0.00", "lease": 2, "communication": "email", "description": "test email comments", "currency": "USD", "late_fee": false, "late_fee_status": "active", "deadline": "no", "late_fee_category": "generic", "deadline_date": null, "late_fee_invoice": null, "late_fee_type": "null", "late_fee_grace": 0, "late_fee_date": null, "late_fee_max": "0.00", "late_fee_amount": "0.00", "created_on": "2022-02-12T11:57:25.330Z", "added_on": "2022-02-12T08:57:25.349Z", "added_by": 1, "created_by": "user"}}, {"model": "finance.invoice", "pk": 40, "fields": {"invoice_group": 70, "invoice_group_bulk": "2BAA53DD", "is_cancelled": false, "invoice_type": "invoice", "invoice_duration": "once", "status": "not paid", "name": "Spa expense", "cancelled_invoice": null, "amount": "550.00", "amount_sorted": "550.00", "amount_late_fee": "0.00", "lease": 2, "communication": "email", "description": "test email comments", "currency": "USD", "late_fee": false, "late_fee_status": "active", "deadline": "no", "late_fee_category": "generic", "deadline_date": null, "late_fee_invoice": null, "late_fee_type": "null", "late_fee_grace": 0, "late_fee_date": null, "late_fee_max": "0.00", "late_fee_amount": "0.00", "created_on": "2022-02-12T11:57:25.330Z", "added_on": "2022-02-12T08:57:25.360Z", "added_by": 1, "created_by": "user"}}, {"model": "finance.invoice", "pk": 41, "fields": {"invoice_group": 71, "invoice_group_bulk": "745DF61B", "is_cancelled": false, "invoice_type": "invoice", "invoice_duration": "once", "status": "not paid", "name": "Pet deposit", "cancelled_invoice": null, "amount": "300.00", "amount_sorted": "300.00", "amount_late_fee": "0.00", "lease": 2, "communication": "email", "description": "test comments test comments", "currency": "USD", "late_fee": false, "late_fee_status": "active", "deadline": "no", "late_fee_category": "generic", "deadline_date": null, "late_fee_invoice": null, "late_fee_type": "null", "late_fee_grace": 0, "late_fee_date": null, "late_fee_max": "0.00", "late_fee_amount": "0.00", "created_on": "2022-02-12T12:25:01.946Z", "added_on": "2022-02-12T09:25:02.020Z", "added_by": 1, "created_by": "user"}}, {"model": "finance.invoice", "pk": 42, "fields": {"invoice_group": 71, "invoice_group_bulk": "745DF61B", "is_cancelled": false, "invoice_type": "invoice", "invoice_duration": "once", "status": "not paid", "name": "rent", "cancelled_invoice": null, "amount": "500.00", "amount_sorted": "500.00", "amount_late_fee": "0.00", "lease": 2, "communication": "email", "description": "test comments test comments", "currency": "USD", "late_fee": false, "late_fee_status": "active", "deadline": "no", "late_fee_category": "generic", "deadline_date": null, "late_fee_invoice": null, "late_fee_type": "null", "late_fee_grace": 0, "late_fee_date": null, "late_fee_max": "0.00", "late_fee_amount": "0.00", "created_on": "2022-02-12T12:25:01.946Z", "added_on": "2022-02-12T09:25:02.035Z", "added_by": 1, "created_by": "user"}}, {"model": "finance.invoice", "pk": 43, "fields": {"invoice_group": 73, "invoice_group_bulk": "F110A4C2", "is_cancelled": false, "invoice_type": "invoice", "invoice_duration": "once", "status": "not paid", "name": "charge 1", "cancelled_invoice": null, "amount": "3500.00", "amount_sorted": "2500.00", "amount_late_fee": "0.00", "lease": 2, "communication": "email", "description": "test coments invoices", "currency": "USD", "late_fee": false, "late_fee_status": "active", "deadline": "no", "late_fee_category": "generic", "deadline_date": null, "late_fee_invoice": null, "late_fee_type": "null", "late_fee_grace": 0, "late_fee_date": null, "late_fee_max": "0.00", "late_fee_amount": "0.00", "created_on": "2022-02-12T12:33:11.225Z", "added_on": "2022-02-12T09:33:11.285Z", "added_by": 1, "created_by": "user"}}, {"model": "finance.invoice", "pk": 44, "fields": {"invoice_group": 73, "invoice_group_bulk": "F110A4C2", "is_cancelled": false, "invoice_type": "invoice", "invoice_duration": "once", "status": "not paid", "name": "charge 2", "cancelled_invoice": null, "amount": "450.00", "amount_sorted": "0.00", "amount_late_fee": "0.00", "lease": 2, "communication": "email", "description": "test coments invoices", "currency": "USD", "late_fee": false, "late_fee_status": "active", "deadline": "no", "late_fee_category": "generic", "deadline_date": null, "late_fee_invoice": null, "late_fee_type": "null", "late_fee_grace": 0, "late_fee_date": null, "late_fee_max": "0.00", "late_fee_amount": "0.00", "created_on": "2022-02-12T12:33:11.225Z", "added_on": "2022-02-12T09:33:11.296Z", "added_by": 1, "created_by": "user"}}, {"model": "finance.invoice", "pk": 45, "fields": {"invoice_group": 75, "invoice_group_bulk": "ABE8B178", "is_cancelled": false, "invoice_type": "invoice", "invoice_duration": "once", "status": "not paid", "name": "water 1", "cancelled_invoice": null, "amount": "450.00", "amount_sorted": "0.00", "amount_late_fee": "0.00", "lease": 2, "communication": "email", "description": "test comments to all 2450", "currency": "USD", "late_fee": false, "late_fee_status": "active", "deadline": "no", "late_fee_category": "generic", "deadline_date": null, "late_fee_invoice": null, "late_fee_type": "null", "late_fee_grace": 0, "late_fee_date": null, "late_fee_max": "0.00", "late_fee_amount": "0.00", "created_on": "2022-02-12T12:48:31.736Z", "added_on": "2022-02-12T09:48:31.783Z", "added_by": 1, "created_by": "user"}}, {"model": "finance.invoice", "pk": 46, "fields": {"invoice_group": 75, "invoice_group_bulk": "ABE8B178", "is_cancelled": false, "invoice_type": "invoice", "invoice_duration": "once", "status": "not paid", "name": "water 2", "cancelled_invoice": null, "amount": "2000.00", "amount_sorted": "0.00", "amount_late_fee": "0.00", "lease": 2, "communication": "email", "description": "test comments to all 2450", "currency": "USD", "late_fee": false, "late_fee_status": "active", "deadline": "no", "late_fee_category": "generic", "deadline_date": null, "late_fee_invoice": null, "late_fee_type": "null", "late_fee_grace": 0, "late_fee_date": null, "late_fee_max": "0.00", "late_fee_amount": "0.00", "created_on": "2022-02-12T12:48:31.736Z", "added_on": "2022-02-12T09:48:31.792Z", "added_by": 1, "created_by": "user"}}, {"model": "finance.invoice", "pk": 47, "fields": {"invoice_group": 76, "invoice_group_bulk": "0949B5BE", "is_cancelled": false, "invoice_type": "invoice", "invoice_duration": "once", "status": "not paid", "name": "Pet deposit", "cancelled_invoice": null, "amount": "340.00", "amount_sorted": "0.00", "amount_late_fee": "0.00", "lease": 2, "communication": "email", "description": "test comments2 test comments 2", "currency": "USD", "late_fee": false, "late_fee_status": "active", "deadline": "no", "late_fee_category": "generic", "deadline_date": null, "late_fee_invoice": null, "late_fee_type": "null", "late_fee_grace": 0, "late_fee_date": null, "late_fee_max": "0.00", "late_fee_amount": "0.00", "created_on": "2022-02-12T12:51:31.055Z", "added_on": "2022-02-12T09:51:31.113Z", "added_by": 1, "created_by": "user"}}, {"model": "finance.invoice", "pk": 48, "fields": {"invoice_group": 76, "invoice_group_bulk": "0949B5BE", "is_cancelled": false, "invoice_type": "invoice", "invoice_duration": "once", "status": "not paid", "name": "rent", "cancelled_invoice": null, "amount": "780.00", "amount_sorted": "0.00", "amount_late_fee": "0.00", "lease": 2, "communication": "email", "description": "test comments2 test comments 2", "currency": "USD", "late_fee": false, "late_fee_status": "active", "deadline": "no", "late_fee_category": "generic", "deadline_date": null, "late_fee_invoice": null, "late_fee_type": "null", "late_fee_grace": 0, "late_fee_date": null, "late_fee_max": "0.00", "late_fee_amount": "0.00", "created_on": "2022-02-12T12:51:31.055Z", "added_on": "2022-02-12T09:51:31.130Z", "added_by": 1, "created_by": "user"}}, {"model": "finance.invoice", "pk": 49, "fields": {"invoice_group": 77, "invoice_group_bulk": "250A5E73", "is_cancelled": false, "invoice_type": "invoice", "invoice_duration": "once", "status": "not paid", "name": "Water bill", "cancelled_invoice": null, "amount": "450.00", "amount_sorted": "0.00", "amount_late_fee": "0.00", "lease": 2, "communication": "email", "description": "test comments invoice 790", "currency": "USD", "late_fee": false, "late_fee_status": "active", "deadline": "no", "late_fee_category": "generic", "deadline_date": null, "late_fee_invoice": null, "late_fee_type": "null", "late_fee_grace": 0, "late_fee_date": null, "late_fee_max": "0.00", "late_fee_amount": "0.00", "created_on": "2022-02-12T12:55:09.976Z", "added_on": "2022-02-12T09:55:10.008Z", "added_by": 1, "created_by": "user"}}, {"model": "finance.invoice", "pk": 50, "fields": {"invoice_group": 77, "invoice_group_bulk": "250A5E73", "is_cancelled": false, "invoice_type": "invoice", "invoice_duration": "once", "status": "not paid", "name": "swimming pool", "cancelled_invoice": null, "amount": "340.00", "amount_sorted": "0.00", "amount_late_fee": "0.00", "lease": 2, "communication": "email", "description": "test comments invoice 790", "currency": "USD", "late_fee": false, "late_fee_status": "active", "deadline": "no", "late_fee_category": "generic", "deadline_date": null, "late_fee_invoice": null, "late_fee_type": "null", "late_fee_grace": 0, "late_fee_date": null, "late_fee_max": "0.00", "late_fee_amount": "0.00", "created_on": "2022-02-12T12:55:09.976Z", "added_on": "2022-02-12T09:55:10.025Z", "added_by": 1, "created_by": "user"}}, {"model": "finance.invoice", "pk": 51, "fields": {"invoice_group": 79, "invoice_group_bulk": "8738C373", "is_cancelled": false, "invoice_type": "invoice", "invoice_duration": "once", "status": "not paid", "name": "Pet deposit", "cancelled_invoice": null, "amount": "2000.00", "amount_sorted": "0.00", "amount_late_fee": "0.00", "lease": 2, "communication": "email", "description": "test comments finals", "currency": "USD", "late_fee": false, "late_fee_status": "active", "deadline": "no", "late_fee_category": "generic", "deadline_date": null, "late_fee_invoice": null, "late_fee_type": "null", "late_fee_grace": 0, "late_fee_date": null, "late_fee_max": "0.00", "late_fee_amount": "0.00", "created_on": "2022-02-12T13:05:16.442Z", "added_on": "2022-02-12T10:05:16.519Z", "added_by": 1, "created_by": "user"}}, {"model": "finance.invoice", "pk": 52, "fields": {"invoice_group": 79, "invoice_group_bulk": "8738C373", "is_cancelled": false, "invoice_type": "invoice", "invoice_duration": "once", "status": "not paid", "name": "Spa expense", "cancelled_invoice": null, "amount": "150.00", "amount_sorted": "0.00", "amount_late_fee": "0.00", "lease": 2, "communication": "email", "description": "test comments finals", "currency": "USD", "late_fee": false, "late_fee_status": "active", "deadline": "no", "late_fee_category": "generic", "deadline_date": null, "late_fee_invoice": null, "late_fee_type": "null", "late_fee_grace": 0, "late_fee_date": null, "late_fee_max": "0.00", "late_fee_amount": "0.00", "created_on": "2022-02-12T13:05:16.442Z", "added_on": "2022-02-12T10:05:16.528Z", "added_by": 1, "created_by": "user"}}, {"model": "finance.invoice", "pk": 53, "fields": {"invoice_group": 80, "invoice_group_bulk": "8738C373", "is_cancelled": false, "invoice_type": "invoice", "invoice_duration": "once", "status": "not paid", "name": "Pet deposit", "cancelled_invoice": null, "amount": "2000.00", "amount_sorted": "2000.00", "amount_late_fee": "0.00", "lease": 3, "communication": "email", "description": "test comments finals", "currency": "USD", "late_fee": false, "late_fee_status": "active", "deadline": "no", "late_fee_category": "generic", "deadline_date": null, "late_fee_invoice": null, "late_fee_type": "null", "late_fee_grace": 0, "late_fee_date": null, "late_fee_max": "0.00", "late_fee_amount": "0.00", "created_on": "2022-02-12T13:05:16Z", "added_on": "2022-02-12T10:05:16.596Z", "added_by": 1, "created_by": "user"}}, {"model": "finance.invoice", "pk": 54, "fields": {"invoice_group": 80, "invoice_group_bulk": "8738C373", "is_cancelled": false, "invoice_type": "invoice", "invoice_duration": "once", "status": "not paid", "name": "Spa expense", "cancelled_invoice": null, "amount": "150.00", "amount_sorted": "150.00", "amount_late_fee": "0.00", "lease": 3, "communication": "email", "description": "test comments finals", "currency": "USD", "late_fee": false, "late_fee_status": "active", "deadline": "no", "late_fee_category": "generic", "deadline_date": null, "late_fee_invoice": null, "late_fee_type": "null", "late_fee_grace": 0, "late_fee_date": null, "late_fee_max": "0.00", "late_fee_amount": "0.00", "created_on": "2022-02-12T13:05:16Z", "added_on": "2022-02-12T10:05:16.607Z", "added_by": 1, "created_by": "user"}}, {"model": "finance.invoice", "pk": 55, "fields": {"invoice_group": 81, "invoice_group_bulk": "8738C373", "is_cancelled": false, "invoice_type": "invoice", "invoice_duration": "once", "status": "not paid", "name": "Pet deposit", "cancelled_invoice": null, "amount": "2000.00", "amount_sorted": "250.00", "amount_late_fee": "0.00", "lease": 1, "communication": "email", "description": "test comments finals", "currency": "USD", "late_fee": false, "late_fee_status": "active", "deadline": "no", "late_fee_category": "generic", "deadline_date": null, "late_fee_invoice": null, "late_fee_type": "null", "late_fee_grace": 0, "late_fee_date": null, "late_fee_max": "0.00", "late_fee_amount": "0.00", "created_on": "2022-02-12T13:05:16.442Z", "added_on": "2022-02-12T10:05:16.636Z", "added_by": 1, "created_by": "user"}}, {"model": "finance.invoice", "pk": 56, "fields": {"invoice_group": 81, "invoice_group_bulk": "8738C373", "is_cancelled": false, "invoice_type": "invoice", "invoice_duration": "once", "status": "not paid", "name": "Spa expense", "cancelled_invoice": null, "amount": "150.00", "amount_sorted": "0.00", "amount_late_fee": "0.00", "lease": 1, "communication": "email", "description": "test comments finals", "currency": "USD", "late_fee": false, "late_fee_status": "active", "deadline": "no", "late_fee_category": "generic", "deadline_date": null, "late_fee_invoice": null, "late_fee_type": "null", "late_fee_grace": 0, "late_fee_date": null, "late_fee_max": "0.00", "late_fee_amount": "0.00", "created_on": "2022-02-12T13:05:16.442Z", "added_on": "2022-02-12T10:05:16.641Z", "added_by": 1, "created_by": "user"}}, {"model": "finance.invoice", "pk": 57, "fields": {"invoice_group": 82, "invoice_group_bulk": "122D91F5", "is_cancelled": false, "invoice_type": "invoice", "invoice_duration": "once", "status": "not paid", "name": "rent", "cancelled_invoice": null, "amount": "3400.00", "amount_sorted": "0.00", "amount_late_fee": "0.00", "lease": 1, "communication": "email", "description": "test footer comments", "currency": "USD", "late_fee": false, "late_fee_status": "active", "deadline": "no", "late_fee_category": "generic", "deadline_date": null, "late_fee_invoice": null, "late_fee_type": "null", "late_fee_grace": 0, "late_fee_date": null, "late_fee_max": "0.00", "late_fee_amount": "0.00", "created_on": "2022-02-12T13:28:48.014Z", "added_on": "2022-02-12T10:28:48.064Z", "added_by": 1, "created_by": "user"}}, {"model": "finance.invoice", "pk": 58, "fields": {"invoice_group": 86, "invoice_group_bulk": "704004EE", "is_cancelled": false, "invoice_type": "credit note", "invoice_duration": "once", "status": "not paid", "name": "rent", "cancelled_invoice": 21, "amount": "-1700.00", "amount_sorted": "0.00", "amount_late_fee": "0.00", "lease": 2, "communication": "none", "description": "test comments for every tenant on my list", "currency": "USD", "late_fee": false, "late_fee_status": "active", "deadline": "yes", "late_fee_category": "generic", "deadline_date": "2022-02-12", "late_fee_invoice": null, "late_fee_type": "one_time_fixed", "late_fee_grace": 2, "late_fee_date": null, "late_fee_max": "0.00", "late_fee_amount": "900.00", "created_on": "2022-02-12T18:15:31.208Z", "added_on": "2022-02-12T15:15:31.262Z", "added_by": 1, "created_by": "user"}}, {"model": "finance.invoice", "pk": 59, "fields": {"invoice_group": 86, "invoice_group_bulk": "704004EE", "is_cancelled": false, "invoice_type": "credit note", "invoice_duration": "once", "status": "not paid", "name": "water", "cancelled_invoice": 21, "amount": "-500.00", "amount_sorted": "0.00", "amount_late_fee": "0.00", "lease": 2, "communication": "none", "description": "test comments for every tenant on my list", "currency": "USD", "late_fee": false, "late_fee_status": "active", "deadline": "no", "late_fee_category": "generic", "deadline_date": null, "late_fee_invoice": null, "late_fee_type": "null", "late_fee_grace": 0, "late_fee_date": null, "late_fee_max": "0.00", "late_fee_amount": "0.00", "created_on": "2022-02-12T18:15:31.208Z", "added_on": "2022-02-12T15:15:31.277Z", "added_by": 1, "created_by": "user"}}, {"model": "finance.invoice", "pk": 60, "fields": {"invoice_group": 87, "invoice_group_bulk": "256FBB03", "is_cancelled": false, "invoice_type": "credit note", "invoice_duration": "once", "status": "not paid", "name": "water", "cancelled_invoice": 24, "amount": "-500.00", "amount_sorted": "0.00", "amount_late_fee": "0.00", "lease": 3, "communication": "none", "description": "test comments for every tenant on my list", "currency": "USD", "late_fee": false, "late_fee_status": "active", "deadline": "no", "late_fee_category": "generic", "deadline_date": null, "late_fee_invoice": null, "late_fee_type": "null", "late_fee_grace": 0, "late_fee_date": null, "late_fee_max": "0.00", "late_fee_amount": "0.00", "created_on": "2022-02-12T18:19:42.737Z", "added_on": "2022-02-12T15:19:42.804Z", "added_by": 1, "created_by": "user"}}, {"model": "finance.invoice", "pk": 61, "fields": {"invoice_group": 87, "invoice_group_bulk": "256FBB03", "is_cancelled": false, "invoice_type": "credit note", "invoice_duration": "once", "status": "not paid", "name": "rent", "cancelled_invoice": 24, "amount": "-1700.00", "amount_sorted": "0.00", "amount_late_fee": "0.00", "lease": 3, "communication": "none", "description": "test comments for every tenant on my list", "currency": "USD", "late_fee": false, "late_fee_status": "active", "deadline": "yes", "late_fee_category": "generic", "deadline_date": "2022-02-12", "late_fee_invoice": null, "late_fee_type": "one_time_fixed", "late_fee_grace": 2, "late_fee_date": null, "late_fee_max": "0.00", "late_fee_amount": "900.00", "created_on": "2022-02-12T18:19:42.737Z", "added_on": "2022-02-12T15:19:42.809Z", "added_by": 1, "created_by": "user"}}, {"model": "finance.invoice", "pk": 150, "fields": {"invoice_group": 126, "invoice_group_bulk": "5E9E9444", "is_cancelled": false, "invoice_type": "invoice", "invoice_duration": "once", "status": "not paid", "name": "yearly", "cancelled_invoice": null, "amount": "450.00", "amount_sorted": "0.00", "amount_late_fee": "0.00", "lease": 2, "communication": "sent", "description": null, "currency": "USD", "late_fee": false, "late_fee_status": "active", "deadline": "no", "late_fee_category": "generic", "deadline_date": null, "late_fee_invoice": null, "late_fee_type": null, "late_fee_grace": 0, "late_fee_date": null, "late_fee_max": "0.00", "late_fee_amount": "0.00", "created_on": "2022-02-19T00:00:00Z", "added_on": "2022-02-19T09:09:00.342Z", "added_by": 1, "created_by": "system"}}, {"model": "finance.invoice", "pk": 151, "fields": {"invoice_group": 126, "invoice_group_bulk": "5E9E9444", "is_cancelled": false, "invoice_type": "invoice", "invoice_duration": "once", "status": "not paid", "name": "once", "cancelled_invoice": null, "amount": "750.00", "amount_sorted": "0.00", "amount_late_fee": "0.00", "lease": 2, "communication": "sent", "description": null, "currency": "USD", "late_fee": false, "late_fee_status": "active", "deadline": "no", "late_fee_category": "generic", "deadline_date": null, "late_fee_invoice": null, "late_fee_type": null, "late_fee_grace": 0, "late_fee_date": null, "late_fee_max": "0.00", "late_fee_amount": "0.00", "created_on": "2022-02-19T00:00:00Z", "added_on": "2022-02-19T09:09:00.365Z", "added_by": 1, "created_by": "system"}}, {"model": "finance.invoice", "pk": 152, "fields": {"invoice_group": 126, "invoice_group_bulk": "5E9E9444", "is_cancelled": false, "invoice_type": "invoice", "invoice_duration": "once", "status": "not paid", "name": "weekly", "cancelled_invoice": null, "amount": "650.00", "amount_sorted": "0.00", "amount_late_fee": "0.00", "lease": 2, "communication": "sent", "description": null, "currency": "USD", "late_fee": false, "late_fee_status": "active", "deadline": "no", "late_fee_category": "generic", "deadline_date": null, "late_fee_invoice": null, "late_fee_type": null, "late_fee_grace": 0, "late_fee_date": null, "late_fee_max": "0.00", "late_fee_amount": "0.00", "created_on": "2022-02-19T00:00:00Z", "added_on": "2022-02-19T09:09:00.374Z", "added_by": 1, "created_by": "system"}}, {"model": "finance.invoice", "pk": 153, "fields": {"invoice_group": 127, "invoice_group_bulk": "5E9E9444", "is_cancelled": false, "invoice_type": "invoice", "invoice_duration": "once", "status": "not paid", "name": "service charge", "cancelled_invoice": null, "amount": "550.00", "amount_sorted": "250.00", "amount_late_fee": "120.00", "lease": 3, "communication": "sent", "description": null, "currency": "USD", "late_fee": false, "late_fee_status": "complete", "deadline": "yes", "late_fee_category": "generic", "deadline_date": "2022-02-22", "late_fee_invoice": null, "late_fee_type": "one_time_fixed", "late_fee_grace": 3, "late_fee_date": null, "late_fee_max": "0.00", "late_fee_amount": "120.00", "created_on": "2022-02-19T00:00:00Z", "added_on": "2022-02-19T09:09:00.405Z", "added_by": 1, "created_by": "system"}}, {"model": "finance.invoice", "pk": 154, "fields": {"invoice_group": 127, "invoice_group_bulk": "5E9E9444", "is_cancelled": false, "invoice_type": "invoice", "invoice_duration": "once", "status": "not paid", "name": "rent", "cancelled_invoice": null, "amount": "600.00", "amount_sorted": "0.00", "amount_late_fee": "0.00", "lease": 3, "communication": "sent", "description": null, "currency": "USD", "late_fee": false, "late_fee_status": "active", "deadline": "no", "late_fee_category": "generic", "deadline_date": null, "late_fee_invoice": null, "late_fee_type": null, "late_fee_grace": 0, "late_fee_date": null, "late_fee_max": "0.00", "late_fee_amount": "0.00", "created_on": "2022-02-19T00:00:00Z", "added_on": "2022-02-19T09:09:00.421Z", "added_by": 1, "created_by": "system"}}, {"model": "finance.invoice", "pk": 155, "fields": {"invoice_group": 128, "invoice_group_bulk": "F9079284", "is_cancelled": false, "invoice_type": "invoice", "invoice_duration": "once", "status": "not paid", "name": "rent", "cancelled_invoice": null, "amount": "100.00", "amount_sorted": "0.00", "amount_late_fee": "0.00", "lease": 1, "communication": "sent", "description": null, "currency": "USD", "late_fee": false, "late_fee_status": "active", "deadline": "no", "late_fee_category": "generic", "deadline_date": null, "late_fee_invoice": null, "late_fee_type": null, "late_fee_grace": 0, "late_fee_date": null, "late_fee_max": "0.00", "late_fee_amount": "0.00", "created_on": "2022-02-20T00:00:00Z", "added_on": "2022-02-20T10:01:00.206Z", "added_by": 1, "created_by": "system"}}, {"model": "finance.invoice", "pk": 156, "fields": {"invoice_group": 129, "invoice_group_bulk": "F9079284", "is_cancelled": false, "invoice_type": "invoice", "invoice_duration": "once", "status": "not paid", "name": "yearly", "cancelled_invoice": null, "amount": "450.00", "amount_sorted": "0.00", "amount_late_fee": "0.00", "lease": 2, "communication": "sent", "description": null, "currency": "USD", "late_fee": false, "late_fee_status": "active", "deadline": "no", "late_fee_category": "generic", "deadline_date": null, "late_fee_invoice": null, "late_fee_type": null, "late_fee_grace": 0, "late_fee_date": null, "late_fee_max": "0.00", "late_fee_amount": "0.00", "created_on": "2022-02-20T00:00:00Z", "added_on": "2022-02-20T10:01:00.239Z", "added_by": 1, "created_by": "system"}}, {"model": "finance.invoice", "pk": 157, "fields": {"invoice_group": 129, "invoice_group_bulk": "F9079284", "is_cancelled": false, "invoice_type": "invoice", "invoice_duration": "once", "status": "not paid", "name": "once", "cancelled_invoice": null, "amount": "750.00", "amount_sorted": "0.00", "amount_late_fee": "0.00", "lease": 2, "communication": "sent", "description": null, "currency": "USD", "late_fee": false, "late_fee_status": "active", "deadline": "no", "late_fee_category": "generic", "deadline_date": null, "late_fee_invoice": null, "late_fee_type": null, "late_fee_grace": 0, "late_fee_date": null, "late_fee_max": "0.00", "late_fee_amount": "0.00", "created_on": "2022-02-20T00:00:00Z", "added_on": "2022-02-20T10:01:00.249Z", "added_by": 1, "created_by": "system"}}, {"model": "finance.invoice", "pk": 158, "fields": {"invoice_group": 130, "invoice_group_bulk": "F9079284", "is_cancelled": false, "invoice_type": "invoice", "invoice_duration": "once", "status": "not paid", "name": "service charge", "cancelled_invoice": null, "amount": "550.00", "amount_sorted": "0.00", "amount_late_fee": "0.00", "lease": 3, "communication": "sent", "description": null, "currency": "USD", "late_fee": false, "late_fee_status": "active", "deadline": "yes", "late_fee_category": "generic", "deadline_date": "2022-02-23", "late_fee_invoice": null, "late_fee_type": null, "late_fee_grace": 3, "late_fee_date": null, "late_fee_max": "0.00", "late_fee_amount": "120.00", "created_on": "2022-02-20T00:00:00Z", "added_on": "2022-02-20T10:01:00.269Z", "added_by": 1, "created_by": "system"}}, {"model": "finance.invoice", "pk": 159, "fields": {"invoice_group": 142, "invoice_group_bulk": "35C6A8DF", "is_cancelled": false, "invoice_type": "invoice", "invoice_duration": "once", "status": "not paid", "name": "Penthouse repairs", "cancelled_invoice": null, "amount": "2005.00", "amount_sorted": "2005.00", "amount_late_fee": "0.00", "lease": 8, "communication": "none", "description": "test axes repairs after pool party", "currency": "USD", "late_fee": false, "late_fee_status": "active", "deadline": "no", "late_fee_category": "generic", "deadline_date": null, "late_fee_invoice": null, "late_fee_type": "null", "late_fee_grace": 0, "late_fee_date": null, "late_fee_max": "0.00", "late_fee_amount": "0.00", "created_on": "2022-02-22T20:50:06Z", "added_on": "2022-02-22T17:50:06.332Z", "added_by": 1, "created_by": "user"}}, {"model": "finance.invoice", "pk": 160, "fields": {"invoice_group": 144, "invoice_group_bulk": "717CD592", "is_cancelled": false, "invoice_type": "invoice", "invoice_duration": "once", "status": "not paid", "name": "one time", "cancelled_invoice": null, "amount": "700.00", "amount_sorted": "0.00", "amount_late_fee": "200.00", "lease": 8, "communication": "none", "description": "test latefee", "currency": "USD", "late_fee": false, "late_fee_status": "complete", "deadline": "yes", "late_fee_category": "generic", "deadline_date": "2022-02-23", "late_fee_invoice": null, "late_fee_type": "one_time_fixed", "late_fee_grace": 0, "late_fee_date": null, "late_fee_max": "0.00", "late_fee_amount": "200.00", "created_on": "2022-02-23T18:23:21Z", "added_on": "2022-02-23T15:23:21.745Z", "added_by": 1, "created_by": "user"}}, {"model": "finance.invoice", "pk": 161, "fields": {"invoice_group": 144, "invoice_group_bulk": "717CD592", "is_cancelled": false, "invoice_type": "invoice", "invoice_duration": "once", "status": "not paid", "name": "one time unpaid", "cancelled_invoice": null, "amount": "390.00", "amount_sorted": "0.00", "amount_late_fee": "46.80", "lease": 8, "communication": "none", "description": "test latefee", "currency": "USD", "late_fee": false, "late_fee_status": "complete", "deadline": "yes", "late_fee_category": "generic", "deadline_date": "2022-02-23", "late_fee_invoice": null, "late_fee_type": "one_time_percent_unpaid", "late_fee_grace": 0, "late_fee_date": null, "late_fee_max": "0.00", "late_fee_amount": "12.00", "created_on": "2022-02-23T18:23:21.714Z", "added_on": "2022-02-23T15:23:21.766Z", "added_by": 1, "created_by": "user"}}, {"model": "finance.invoice", "pk": 162, "fields": {"invoice_group": 144, "invoice_group_bulk": "717CD592", "is_cancelled": false, "invoice_type": "invoice", "invoice_duration": "once", "status": "not paid", "name": "one time entire", "cancelled_invoice": null, "amount": "2100.00", "amount_sorted": "0.00", "amount_late_fee": "210.00", "lease": 8, "communication": "none", "description": "test latefee", "currency": "USD", "late_fee": false, "late_fee_status": "complete", "deadline": "yes", "late_fee_category": "generic", "deadline_date": "2022-02-23", "late_fee_invoice": null, "late_fee_type": "one_time_percent_entire", "late_fee_grace": 0, "late_fee_date": null, "late_fee_max": "0.00", "late_fee_amount": "10.00", "created_on": "2022-02-23T18:23:21.714Z", "added_on": "2022-02-23T15:23:21.773Z", "added_by": 1, "created_by": "user"}}, {"model": "finance.invoice", "pk": 163, "fields": {"invoice_group": 145, "invoice_group_bulk": "26D6EF02", "is_cancelled": false, "invoice_type": "invoice", "invoice_duration": "once", "status": "not paid", "name": "daily fixed", "cancelled_invoice": null, "amount": "100.00", "amount_sorted": "0.00", "amount_late_fee": "100.00", "lease": 2, "communication": "none", "description": "daily notification", "currency": "USD", "late_fee": false, "late_fee_status": "complete", "deadline": "yes", "late_fee_category": "generic", "deadline_date": "2022-02-23", "late_fee_invoice": null, "late_fee_type": "daily_time_fixed", "late_fee_grace": 0, "late_fee_date": null, "late_fee_max": "100.00", "late_fee_amount": "50.00", "created_on": "2022-02-23T18:28:36Z", "added_on": "2022-02-23T15:28:36.427Z", "added_by": 1, "created_by": "user"}}, {"model": "finance.invoice", "pk": 164, "fields": {"invoice_group": 145, "invoice_group_bulk": "26D6EF02", "is_cancelled": false, "invoice_type": "invoice", "invoice_duration": "once", "status": "not paid", "name": "daily unpaid", "cancelled_invoice": null, "amount": "3000.00", "amount_sorted": "0.00", "amount_late_fee": "450.00", "lease": 2, "communication": "none", "description": "daily notification", "currency": "USD", "late_fee": false, "late_fee_status": "complete", "deadline": "yes", "late_fee_category": "generic", "deadline_date": "2022-02-23", "late_fee_invoice": null, "late_fee_type": "daily_time_percent_unpaid", "late_fee_grace": 0, "late_fee_date": null, "late_fee_max": "350.00", "late_fee_amount": "5.00", "created_on": "2022-02-23T18:28:36Z", "added_on": "2022-02-23T15:28:36.448Z", "added_by": 1, "created_by": "user"}}, {"model": "finance.invoice", "pk": 165, "fields": {"invoice_group": 145, "invoice_group_bulk": "26D6EF02", "is_cancelled": false, "invoice_type": "invoice", "invoice_duration": "once", "status": "not paid", "name": "daily full", "cancelled_invoice": null, "amount": "2000.00", "amount_sorted": "0.00", "amount_late_fee": "900.00", "lease": 2, "communication": "none", "description": "daily notification", "currency": "USD", "late_fee": false, "late_fee_status": "active", "deadline": "yes", "late_fee_category": "generic", "deadline_date": "2022-02-23", "late_fee_invoice": null, "late_fee_type": "daily_time_percent_entire", "late_fee_grace": 0, "late_fee_date": null, "late_fee_max": "1000.00", "late_fee_amount": "15.00", "created_on": "2022-02-23T18:28:36.401Z", "added_on": "2022-02-23T15:28:36.461Z", "added_by": 1, "created_by": "user"}}, {"model": "finance.invoice", "pk": 174, "fields": {"invoice_group": 155, "invoice_group_bulk": "AFAD0FA0", "is_cancelled": false, "invoice_type": "invoice", "invoice_duration": "once", "status": "not paid", "name": "Late fee (one time unpaid)", "cancelled_invoice": null, "amount": "46.80", "amount_sorted": "0.00", "amount_late_fee": "0.00", "lease": 8, "communication": "sent", "description": null, "currency": "USD", "late_fee": false, "late_fee_status": "active", "deadline": "no", "late_fee_category": "generic", "deadline_date": null, "late_fee_invoice": null, "late_fee_type": null, "late_fee_grace": null, "late_fee_date": null, "late_fee_max": "0.00", "late_fee_amount": null, "created_on": "2022-02-23T00:00:00Z", "added_on": "2022-02-23T16:50:02.038Z", "added_by": 1, "created_by": "system"}}, {"model": "finance.invoice", "pk": 175, "fields": {"invoice_group": 156, "invoice_group_bulk": "AFAD0FA0", "is_cancelled": false, "invoice_type": "invoice", "invoice_duration": "once", "status": "not paid", "name": "Late fee (one time entire)", "cancelled_invoice": null, "amount": "210.00", "amount_sorted": "0.00", "amount_late_fee": "0.00", "lease": 8, "communication": "sent", "description": null, "currency": "USD", "late_fee": false, "late_fee_status": "active", "deadline": "no", "late_fee_category": "generic", "deadline_date": null, "late_fee_invoice": null, "late_fee_type": null, "late_fee_grace": null, "late_fee_date": null, "late_fee_max": "0.00", "late_fee_amount": null, "created_on": "2022-02-23T00:00:00Z", "added_on": "2022-02-23T16:50:02.058Z", "added_by": 1, "created_by": "system"}}, {"model": "finance.invoice", "pk": 176, "fields": {"invoice_group": 157, "invoice_group_bulk": "AFAD0FA0", "is_cancelled": false, "invoice_type": "invoice", "invoice_duration": "once", "status": "not paid", "name": "Late fee (service charge)", "cancelled_invoice": null, "amount": "120.00", "amount_sorted": "0.00", "amount_late_fee": "0.00", "lease": 3, "communication": "sent", "description": null, "currency": "USD", "late_fee": false, "late_fee_status": "active", "deadline": "no", "late_fee_category": "generic", "deadline_date": null, "late_fee_invoice": null, "late_fee_type": null, "late_fee_grace": null, "late_fee_date": null, "late_fee_max": "0.00", "late_fee_amount": null, "created_on": "2022-02-23T00:00:00Z", "added_on": "2022-02-23T16:50:02.078Z", "added_by": 1, "created_by": "system"}}, {"model": "finance.invoice", "pk": 177, "fields": {"invoice_group": 158, "invoice_group_bulk": "AFAD0FA0", "is_cancelled": false, "invoice_type": "invoice", "invoice_duration": "once", "status": "not paid", "name": "Late fee (daily fixed)", "cancelled_invoice": null, "amount": "50.00", "amount_sorted": "0.00", "amount_late_fee": "0.00", "lease": 2, "communication": "sent", "description": null, "currency": "USD", "late_fee": false, "late_fee_status": "active", "deadline": "no", "late_fee_category": "generic", "deadline_date": null, "late_fee_invoice": null, "late_fee_type": null, "late_fee_grace": null, "late_fee_date": null, "late_fee_max": "0.00", "late_fee_amount": null, "created_on": "2022-02-23T00:00:00Z", "added_on": "2022-02-23T16:50:02.099Z", "added_by": 1, "created_by": "system"}}, {"model": "finance.invoice", "pk": 178, "fields": {"invoice_group": 159, "invoice_group_bulk": "AFAD0FA0", "is_cancelled": false, "invoice_type": "invoice", "invoice_duration": "once", "status": "not paid", "name": "Late fee (daily full)", "cancelled_invoice": null, "amount": "300.00", "amount_sorted": "0.00", "amount_late_fee": "0.00", "lease": 2, "communication": "sent", "description": null, "currency": "USD", "late_fee": false, "late_fee_status": "active", "deadline": "no", "late_fee_category": "generic", "deadline_date": null, "late_fee_invoice": null, "late_fee_type": null, "late_fee_grace": null, "late_fee_date": null, "late_fee_max": "0.00", "late_fee_amount": null, "created_on": "2022-02-23T00:00:00Z", "added_on": "2022-02-23T16:50:02.118Z", "added_by": 1, "created_by": "system"}}, {"model": "finance.invoice", "pk": 179, "fields": {"invoice_group": 160, "invoice_group_bulk": "AFAD0FA0", "is_cancelled": false, "invoice_type": "invoice", "invoice_duration": "once", "status": "not paid", "name": "Late fee (one time)", "cancelled_invoice": null, "amount": "200.00", "amount_sorted": "0.00", "amount_late_fee": "0.00", "lease": 8, "communication": "sent", "description": null, "currency": "USD", "late_fee": false, "late_fee_status": "active", "deadline": "no", "late_fee_category": "generic", "deadline_date": null, "late_fee_invoice": null, "late_fee_type": null, "late_fee_grace": null, "late_fee_date": null, "late_fee_max": "0.00", "late_fee_amount": null, "created_on": "2022-02-23T00:00:00Z", "added_on": "2022-02-23T16:50:02.138Z", "added_by": 1, "created_by": "system"}}, {"model": "finance.invoice", "pk": 180, "fields": {"invoice_group": 161, "invoice_group_bulk": "AFAD0FA0", "is_cancelled": false, "invoice_type": "invoice", "invoice_duration": "once", "status": "not paid", "name": "Late fee (daily unpaid)", "cancelled_invoice": null, "amount": "150.00", "amount_sorted": "0.00", "amount_late_fee": "0.00", "lease": 2, "communication": "sent", "description": null, "currency": "USD", "late_fee": false, "late_fee_status": "active", "deadline": "no", "late_fee_category": "generic", "deadline_date": null, "late_fee_invoice": null, "late_fee_type": null, "late_fee_grace": null, "late_fee_date": null, "late_fee_max": "0.00", "late_fee_amount": null, "created_on": "2022-02-23T00:00:00Z", "added_on": "2022-02-23T16:50:02.158Z", "added_by": 1, "created_by": "system"}}, {"model": "finance.invoice", "pk": 181, "fields": {"invoice_group": 162, "invoice_group_bulk": "49C38C4F", "is_cancelled": false, "invoice_type": "invoice", "invoice_duration": "once", "status": "not paid", "name": "Late fee (daily fixed)", "cancelled_invoice": null, "amount": "50.00", "amount_sorted": "0.00", "amount_late_fee": "0.00", "lease": 2, "communication": "sent", "description": null, "currency": "USD", "late_fee": false, "late_fee_status": "active", "deadline": "no", "late_fee_category": "generic", "deadline_date": null, "late_fee_invoice": null, "late_fee_type": null, "late_fee_grace": null, "late_fee_date": null, "late_fee_max": "0.00", "late_fee_amount": null, "created_on": "2022-02-23T00:00:00Z", "added_on": "2022-02-23T16:52:36.611Z", "added_by": 1, "created_by": "system"}}, {"model": "finance.invoice", "pk": 182, "fields": {"invoice_group": 163, "invoice_group_bulk": "49C38C4F", "is_cancelled": false, "invoice_type": "invoice", "invoice_duration": "once", "status": "not paid", "name": "Late fee (daily full)", "cancelled_invoice": null, "amount": "300.00", "amount_sorted": "0.00", "amount_late_fee": "0.00", "lease": 2, "communication": "sent", "description": null, "currency": "USD", "late_fee": false, "late_fee_status": "active", "deadline": "no", "late_fee_category": "generic", "deadline_date": null, "late_fee_invoice": null, "late_fee_type": null, "late_fee_grace": null, "late_fee_date": null, "late_fee_max": "0.00", "late_fee_amount": null, "created_on": "2022-02-23T00:00:00Z", "added_on": "2022-02-23T16:52:36.650Z", "added_by": 1, "created_by": "system"}}, {"model": "finance.invoice", "pk": 183, "fields": {"invoice_group": 164, "invoice_group_bulk": "49C38C4F", "is_cancelled": false, "invoice_type": "invoice", "invoice_duration": "once", "status": "not paid", "name": "Late fee (daily unpaid)", "cancelled_invoice": null, "amount": "150.00", "amount_sorted": "0.00", "amount_late_fee": "0.00", "lease": 2, "communication": "sent", "description": null, "currency": "USD", "late_fee": false, "late_fee_status": "active", "deadline": "no", "late_fee_category": "generic", "deadline_date": null, "late_fee_invoice": null, "late_fee_type": null, "late_fee_grace": null, "late_fee_date": null, "late_fee_max": "0.00", "late_fee_amount": null, "created_on": "2022-02-23T00:00:00Z", "added_on": "2022-02-23T16:52:36.684Z", "added_by": 1, "created_by": "system"}}, {"model": "finance.invoice", "pk": 184, "fields": {"invoice_group": 165, "invoice_group_bulk": "5D8F4B9A", "is_cancelled": false, "invoice_type": "invoice", "invoice_duration": "once", "status": "not paid", "name": "Late fee (daily full)", "cancelled_invoice": null, "amount": "300.00", "amount_sorted": "0.00", "amount_late_fee": "0.00", "lease": 2, "communication": "sent", "description": null, "currency": "USD", "late_fee": false, "late_fee_status": "active", "deadline": "no", "late_fee_category": "generic", "deadline_date": null, "late_fee_invoice": null, "late_fee_type": null, "late_fee_grace": null, "late_fee_date": null, "late_fee_max": "0.00", "late_fee_amount": null, "created_on": "2022-02-23T00:00:00Z", "added_on": "2022-02-23T17:13:00.732Z", "added_by": 1, "created_by": "system"}}, {"model": "finance.invoice", "pk": 185, "fields": {"invoice_group": 166, "invoice_group_bulk": "931688F3", "is_cancelled": false, "invoice_type": "invoice", "invoice_duration": "once", "status": "not paid", "name": "Late fee (daily full)", "cancelled_invoice": null, "amount": "300.00", "amount_sorted": "0.00", "amount_late_fee": "0.00", "lease": 2, "communication": "sent", "description": null, "currency": "USD", "late_fee": false, "late_fee_status": "active", "deadline": "no", "late_fee_category": "generic", "deadline_date": null, "late_fee_invoice": null, "late_fee_type": null, "late_fee_grace": null, "late_fee_date": null, "late_fee_max": "0.00", "late_fee_amount": null, "created_on": "2022-02-23T00:00:00Z", "added_on": "2022-02-23T17:13:00.764Z", "added_by": 1, "created_by": "system"}}, {"model": "finance.invoice", "pk": 186, "fields": {"invoice_group": 167, "invoice_group_bulk": "5D8F4B9A", "is_cancelled": false, "invoice_type": "invoice", "invoice_duration": "once", "status": "not paid", "name": "Late fee (daily unpaid)", "cancelled_invoice": null, "amount": "150.00", "amount_sorted": "0.00", "amount_late_fee": "0.00", "lease": 2, "communication": "sent", "description": null, "currency": "USD", "late_fee": false, "late_fee_status": "active", "deadline": "no", "late_fee_category": "generic", "deadline_date": null, "late_fee_invoice": null, "late_fee_type": null, "late_fee_grace": null, "late_fee_date": null, "late_fee_max": "0.00", "late_fee_amount": null, "created_on": "2022-02-23T00:00:00Z", "added_on": "2022-02-23T17:13:00.892Z", "added_by": 1, "created_by": "system"}}, {"model": "finance.invoice", "pk": 187, "fields": {"invoice_group": 168, "invoice_group_bulk": "931688F3", "is_cancelled": false, "invoice_type": "invoice", "invoice_duration": "once", "status": "not paid", "name": "Late fee (daily unpaid)", "cancelled_invoice": null, "amount": "150.00", "amount_sorted": "0.00", "amount_late_fee": "0.00", "lease": 2, "communication": "sent", "description": null, "currency": "USD", "late_fee": false, "late_fee_status": "active", "deadline": "no", "late_fee_category": "generic", "deadline_date": null, "late_fee_invoice": null, "late_fee_type": null, "late_fee_grace": null, "late_fee_date": null, "late_fee_max": "0.00", "late_fee_amount": null, "created_on": "2022-02-23T00:00:00Z", "added_on": "2022-02-23T17:13:00.957Z", "added_by": 1, "created_by": "system"}}, {"model": "finance.receipt", "pk": 108, "fields": {"receipt_group": 131, "cancelled_receipt": null, "is_cancelled": false, "is_prepayment": false, "receipt_type": "payment", "invoice": 29, "solution_invoice": null, "amount": "150.00", "lease": 2, "ref_no": "", "paid_through": "cash", "communication": "none", "description": "test comments receipt ana", "currency": "USD", "created_on": "2021-11-25", "created_time": "22:03:00", "added_on": "2022-02-21T17:00:43.976Z", "added_by": 1, "created_by": "user"}}, {"model": "finance.receipt", "pk": 109, "fields": {"receipt_group": 131, "cancelled_receipt": null, "is_cancelled": false, "is_prepayment": false, "receipt_type": "payment", "invoice": 30, "solution_invoice": null, "amount": "100.00", "lease": 2, "ref_no": "", "paid_through": "cash", "communication": "none", "description": "test comments receipt ana", "currency": "USD", "created_on": "2021-11-25", "created_time": "22:03:00", "added_on": "2022-02-21T17:00:44.013Z", "added_by": 1, "created_by": "user"}}, {"model": "finance.receipt", "pk": 110, "fields": {"receipt_group": 131, "cancelled_receipt": null, "is_cancelled": false, "is_prepayment": false, "receipt_type": "payment", "invoice": 27, "solution_invoice": null, "amount": "1500.00", "lease": 2, "ref_no": "", "paid_through": "cash", "communication": "none", "description": "test comments receipt ana", "currency": "USD", "created_on": "2021-11-25", "created_time": "22:03:00", "added_on": "2022-02-21T17:00:44.026Z", "added_by": 1, "created_by": "user"}}, {"model": "finance.receipt", "pk": 111, "fields": {"receipt_group": 131, "cancelled_receipt": null, "is_cancelled": false, "is_prepayment": false, "receipt_type": "payment", "invoice": 38, "solution_invoice": null, "amount": "400.00", "lease": 2, "ref_no": "", "paid_through": "cash", "communication": "none", "description": "test comments receipt ana", "currency": "USD", "created_on": "2021-11-25", "created_time": "22:03:00", "added_on": "2022-02-21T17:00:44.046Z", "added_by": 1, "created_by": "user"}}, {"model": "finance.receipt", "pk": 112, "fields": {"receipt_group": 131, "cancelled_receipt": null, "is_cancelled": false, "is_prepayment": false, "receipt_type": "payment", "invoice": 37, "solution_invoice": null, "amount": "1200.00", "lease": 2, "ref_no": "", "paid_through": "cash", "communication": "none", "description": "test comments receipt ana", "currency": "USD", "created_on": "2021-11-25", "created_time": "22:03:00", "added_on": "2022-02-21T17:00:44.065Z", "added_by": 1, "created_by": "user"}}, {"model": "finance.receipt", "pk": 113, "fields": {"receipt_group": 131, "cancelled_receipt": null, "is_cancelled": false, "is_prepayment": false, "receipt_type": "payment", "invoice": 39, "solution_invoice": null, "amount": "300.00", "lease": 2, "ref_no": "", "paid_through": "cash", "communication": "none", "description": "test comments receipt ana", "currency": "USD", "created_on": "2021-11-25", "created_time": "22:03:00", "added_on": "2022-02-21T17:00:44.085Z", "added_by": 1, "created_by": "user"}}, {"model": "finance.receipt", "pk": 114, "fields": {"receipt_group": 131, "cancelled_receipt": null, "is_cancelled": false, "is_prepayment": false, "receipt_type": "payment", "invoice": 40, "solution_invoice": null, "amount": "550.00", "lease": 2, "ref_no": "", "paid_through": "cash", "communication": "none", "description": "test comments receipt ana", "currency": "USD", "created_on": "2021-11-25", "created_time": "22:03:00", "added_on": "2022-02-21T17:00:44.105Z", "added_by": 1, "created_by": "user"}}, {"model": "finance.receipt", "pk": 115, "fields": {"receipt_group": 131, "cancelled_receipt": null, "is_cancelled": false, "is_prepayment": false, "receipt_type": "payment", "invoice": 41, "solution_invoice": null, "amount": "300.00", "lease": 2, "ref_no": "", "paid_through": "cash", "communication": "none", "description": "test comments receipt ana", "currency": "USD", "created_on": "2021-11-25", "created_time": "22:03:00", "added_on": "2022-02-21T17:00:44.121Z", "added_by": 1, "created_by": "user"}}, {"model": "finance.receipt", "pk": 116, "fields": {"receipt_group": 132, "cancelled_receipt": null, "is_cancelled": false, "is_prepayment": false, "receipt_type": "payment", "invoice": 42, "solution_invoice": null, "amount": "500.00", "lease": 2, "ref_no": "", "paid_through": "cash", "communication": "none", "description": "test comments receipt ana de amars", "currency": "USD", "created_on": "2022-01-17", "created_time": "22:03:00", "added_on": "2022-02-21T17:01:30.929Z", "added_by": 1, "created_by": "user"}}, {"model": "finance.receipt", "pk": 117, "fields": {"receipt_group": 132, "cancelled_receipt": null, "is_cancelled": false, "is_prepayment": false, "receipt_type": "payment", "invoice": 43, "solution_invoice": null, "amount": "2500.00", "lease": 2, "ref_no": "", "paid_through": "cash", "communication": "none", "description": "test comments receipt ana de amars", "currency": "USD", "created_on": "2022-01-17", "created_time": "22:03:00", "added_on": "2022-02-21T17:01:30.949Z", "added_by": 1, "created_by": "user"}}, {"model": "finance.receipt", "pk": 127, "fields": {"receipt_group": 136, "cancelled_receipt": null, "is_cancelled": false, "is_prepayment": false, "receipt_type": "payment", "invoice": 31, "solution_invoice": null, "amount": "150.00", "lease": 1, "ref_no": "", "paid_through": "cash", "communication": "none", "description": "test receipt for elon", "currency": "USD", "created_on": "2022-02-09", "created_time": "20:27:00", "added_on": "2022-02-21T17:24:07.026Z", "added_by": 1, "created_by": "user"}}, {"model": "finance.receipt", "pk": 128, "fields": {"receipt_group": 136, "cancelled_receipt": null, "is_cancelled": false, "is_prepayment": false, "receipt_type": "payment", "invoice": 32, "solution_invoice": null, "amount": "100.00", "lease": 1, "ref_no": "", "paid_through": "cash", "communication": "none", "description": "test receipt for elon", "currency": "USD", "created_on": "2022-02-09", "created_time": "20:27:00", "added_on": "2022-02-21T17:24:07.056Z", "added_by": 1, "created_by": "user"}}, {"model": "finance.receipt", "pk": 129, "fields": {"receipt_group": 136, "cancelled_receipt": null, "is_cancelled": false, "is_prepayment": false, "receipt_type": "payment", "invoice": 28, "solution_invoice": null, "amount": "1500.00", "lease": 1, "ref_no": "", "paid_through": "cash", "communication": "none", "description": "test receipt for elon", "currency": "USD", "created_on": "2022-02-09", "created_time": "20:27:00", "added_on": "2022-02-21T17:24:07.075Z", "added_by": 1, "created_by": "user"}}, {"model": "finance.receipt", "pk": 130, "fields": {"receipt_group": 136, "cancelled_receipt": null, "is_cancelled": false, "is_prepayment": false, "receipt_type": "payment", "invoice": 55, "solution_invoice": null, "amount": "250.00", "lease": 1, "ref_no": "", "paid_through": "cash", "communication": "none", "description": "test receipt for elon", "currency": "USD", "created_on": "2022-02-09", "created_time": "20:27:00", "added_on": "2022-02-21T17:24:07.095Z", "added_by": 1, "created_by": "user"}}, {"model": "finance.receipt", "pk": 138, "fields": {"receipt_group": 140, "cancelled_receipt": null, "is_cancelled": false, "is_prepayment": false, "receipt_type": "payment", "invoice": 33, "solution_invoice": null, "amount": "500.00", "lease": 3, "ref_no": "", "paid_through": "cash", "communication": "none", "description": "test receipt", "currency": "USD", "created_on": "2022-02-16", "created_time": "16:47:00", "added_on": "2022-02-22T11:44:55.210Z", "added_by": 1, "created_by": "user"}}, {"model": "finance.receipt", "pk": 139, "fields": {"receipt_group": 140, "cancelled_receipt": null, "is_cancelled": false, "is_prepayment": false, "receipt_type": "payment", "invoice": 34, "solution_invoice": null, "amount": "100.00", "lease": 3, "ref_no": "", "paid_through": "cash", "communication": "none", "description": "test receipt", "currency": "USD", "created_on": "2022-02-16", "created_time": "16:47:00", "added_on": "2022-02-22T11:44:55.234Z", "added_by": 1, "created_by": "user"}}, {"model": "finance.receipt", "pk": 140, "fields": {"receipt_group": 140, "cancelled_receipt": null, "is_cancelled": false, "is_prepayment": false, "receipt_type": "payment", "invoice": 53, "solution_invoice": null, "amount": "1900.00", "lease": 3, "ref_no": "", "paid_through": "cash", "communication": "none", "description": "test receipt", "currency": "USD", "created_on": "2022-02-16", "created_time": "16:47:00", "added_on": "2022-02-22T11:44:55.255Z", "added_by": 1, "created_by": "user"}}, {"model": "finance.receipt", "pk": 141, "fields": {"receipt_group": 141, "cancelled_receipt": null, "is_cancelled": false, "is_prepayment": false, "receipt_type": "payment", "invoice": 54, "solution_invoice": null, "amount": "150.00", "lease": 3, "ref_no": "", "paid_through": "cash", "communication": "none", "description": "test receipt2", "currency": "USD", "created_on": "2022-02-16", "created_time": "16:50:00", "added_on": "2022-02-22T11:46:06.331Z", "added_by": 1, "created_by": "user"}}, {"model": "finance.receipt", "pk": 142, "fields": {"receipt_group": 141, "cancelled_receipt": null, "is_cancelled": false, "is_prepayment": false, "receipt_type": "payment", "invoice": 53, "solution_invoice": null, "amount": "100.00", "lease": 3, "ref_no": "", "paid_through": "cash", "communication": "none", "description": "test receipt2", "currency": "USD", "created_on": "2022-02-16", "created_time": "16:50:00", "added_on": "2022-02-22T11:46:06.350Z", "added_by": 1, "created_by": "user"}}, {"model": "finance.receipt", "pk": 143, "fields": {"receipt_group": 141, "cancelled_receipt": null, "is_cancelled": false, "is_prepayment": false, "receipt_type": "payment", "invoice": 153, "solution_invoice": null, "amount": "250.00", "lease": 3, "ref_no": "", "paid_through": "cash", "communication": "none", "description": "test receipt2", "currency": "USD", "created_on": "2022-02-16", "created_time": "16:50:00", "added_on": "2022-02-22T11:46:06.369Z", "added_by": 1, "created_by": "user"}}, {"model": "finance.receipt", "pk": 149, "fields": {"receipt_group": 137, "cancelled_receipt": null, "is_cancelled": false, "is_prepayment": false, "receipt_type": "payment", "invoice": 159, "solution_invoice": null, "amount": "2005.00", "lease": 8, "ref_no": "", "paid_through": "cash", "communication": "email", "description": "test payment for robbert axelrod", "currency": "USD", "created_on": "2022-02-15", "created_time": "14:14:00", "added_on": "2022-02-22T19:26:17.740Z", "added_by": 1, "created_by": "user"}}, {"model": "finance.receipt", "pk": 150, "fields": {"receipt_group": 137, "cancelled_receipt": null, "is_cancelled": false, "is_prepayment": true, "receipt_type": "payment", "invoice": null, "solution_invoice": null, "amount": "5495.00", "lease": 8, "ref_no": "", "paid_through": "cash", "communication": "email", "description": "test payment for robbert axelrod", "currency": "USD", "created_on": "2022-02-15", "created_time": "14:14:00", "added_on": "2022-02-22T19:26:17.767Z", "added_by": 1, "created_by": "user"}}, {"model": "finance.payment_options", "pk": 2, "fields": {"property": 1, "category": "bank", "type": "bank", "name": "Barclays", "account_info": "A090901929", "added_on": "2022-02-14T07:33:03.055Z", "added_by": 1}}, {"model": "finance.payment_options", "pk": 3, "fields": {"property": 2, "category": "custom", "type": "Pay pal", "name": "", "account_info": "josewylde@gmail.com", "added_on": "2022-02-14T07:44:56.688Z", "added_by": 1}}, {"model": "finance.payment_options", "pk": 4, "fields": {"property": 1, "category": "custom", "type": "Pay pal", "name": "Pay pal", "account_info": "josewylde@gmail.com", "added_on": "2022-02-14T07:45:54.905Z", "added_by": 1}}, {"model": "finance.expense", "pk": 1, "fields": {"expense_category": "operating expenses", "expense_name": "water", "amount": "2500.00", "created_for": "unit", "payee": 4, "unit": 2, "property": 1, "description": "we need water here", "status": "not paid", "data_type": "normal", "data_id": null, "paid_through": "Check", "ref_no": "WATER556621", "created_on": "2022-02-01", "added_on": "2022-02-06T06:12:21.881Z", "added_by": 1}}, {"model": "finance.expense", "pk": 2, "fields": {"expense_category": "operating expenses", "expense_name": "gas", "amount": "450.00", "created_for": "building", "payee": 4, "unit": null, "property": 1, "description": "we had to buy gas cylinders", "status": "not paid", "data_type": "normal", "data_id": null, "paid_through": "cash", "ref_no": "", "created_on": "2022-02-04", "added_on": "2022-02-06T07:25:24.502Z", "added_by": 1}}, {"model": "finance.expense", "pk": 5, "fields": {"expense_category": "operating expenses", "expense_name": "Joseph Disraeli Omenda", "amount": "290.00", "created_for": "building", "payee": 4, "unit": 7, "property": 1, "description": "Joseph Disraeli Omenda is the next Elon Musk/Steve jobs/Nikola Tesla", "status": "paid", "data_type": "maintenanace", "data_id": 13, "paid_through": "Cashier's check", "ref_no": "cashiercheck909112", "created_on": "2022-01-05", "added_on": "2022-02-06T18:00:05.567Z", "added_by": 1}}, {"model": "finance.expense", "pk": 6, "fields": {"expense_category": "operating expenses", "expense_name": "gas", "amount": "370.00", "created_for": "building", "payee": 4, "unit": null, "property": 1, "description": "test gas", "status": "paid", "data_type": "normal", "data_id": null, "paid_through": "Direct deposit", "ref_no": "dir90912", "created_on": "2022-02-01", "added_on": "2022-02-07T16:56:09.040Z", "added_by": 1}}, {"model": "finance.expense", "pk": 7, "fields": {"expense_category": "operating expenses", "expense_name": "gas", "amount": "450.00", "created_for": "building", "payee": 4, "unit": null, "property": 1, "description": "test gas expenses", "status": "paid", "data_type": "normal", "data_id": null, "paid_through": "cash", "ref_no": "", "created_on": "2022-02-04", "added_on": "2022-02-08T07:00:50.802Z", "added_by": 1}}, {"model": "finance.expense", "pk": 8, "fields": {"expense_category": "operating expenses", "expense_name": "water", "amount": "1200.00", "created_for": "building", "payee": 4, "unit": null, "property": 1, "description": "tesr", "status": "paid", "data_type": "normal", "data_id": null, "paid_through": "cash", "ref_no": "", "created_on": "2022-02-01", "added_on": "2022-02-08T07:03:50.957Z", "added_by": 1}}, {"model": "finance.expense", "pk": 11, "fields": {"expense_category": "operating expenses", "expense_name": "Test mazterial name", "amount": "700.00", "created_for": "building", "payee": 4, "unit": 7, "property": 1, "description": "to fix stairs", "status": "paid", "data_type": "maintenanace", "data_id": 14, "paid_through": "cash", "ref_no": "", "created_on": "2022-02-02", "added_on": "2022-02-14T18:19:13.428Z", "added_by": 1}}, {"model": "finance.expense", "pk": 12, "fields": {"expense_category": "operating expenses", "expense_name": "Bill Gates", "amount": "500.00", "created_for": "building", "payee": 4, "unit": 7, "property": 1, "description": "to fix some issues", "status": "paid", "data_type": "maintenanace", "data_id": 16, "paid_through": "cash", "ref_no": "", "created_on": "2022-02-04", "added_on": "2022-02-14T18:22:07.660Z", "added_by": 1}}, {"model": "finance.expense", "pk": 13, "fields": {"expense_category": "operating expenses", "expense_name": "wiring", "amount": "650.00", "created_for": "building", "payee": 4, "unit": 7, "property": 1, "description": "to fix wiring issues", "status": "paid", "data_type": "maintenanace", "data_id": 17, "paid_through": "Direct deposit", "ref_no": "a0998", "created_on": "2022-02-02", "added_on": "2022-02-14T18:24:09.453Z", "added_by": 1}}, {"model": "finance.expense", "pk": 14, "fields": {"expense_category": "operating expenses", "expense_name": "Bruno mars", "amount": "4500.00", "created_for": "building", "payee": 4, "unit": 2, "property": 1, "description": "entertainment", "status": "paid", "data_type": "maintenanace", "data_id": 18, "paid_through": "cash", "ref_no": "", "created_on": "2022-02-01", "added_on": "2022-02-21T09:56:05.872Z", "added_by": 4}}, {"model": "finance.expense", "pk": 15, "fields": {"expense_category": "operating expenses", "expense_name": "electricity", "amount": "5400.00", "created_for": "building", "payee": 4, "unit": null, "property": 3, "description": "test expense report", "status": "paid", "data_type": "normal", "data_id": null, "paid_through": "cash", "ref_no": "", "created_on": "2022-02-15", "added_on": "2022-02-21T12:46:34.356Z", "added_by": 1}}, {"model": "maintenance.maintenance", "pk": 1, "fields": {"unit": 7, "tenant": 1, "priority": "high", "name": "appliances", "category": "appliances", "description": "test description page", "reported_on": "2022-02-02", "solved_on": "2022-02-02", "status": "solved", "urgency": "not urgent", "opened": false, "added_by_category": "admin", "added_by": 1, "added_on": "2022-02-05T12:44:12.981Z"}}, {"model": "maintenance.maintenance", "pk": 2, "fields": {"unit": 7, "tenant": 1, "priority": "high", "name": "electrical", "category": "electrical", "description": "there was an electical issue", "reported_on": "2022-02-08", "solved_on": null, "status": "in progeress", "urgency": "not urgent", "opened": false, "added_by_category": "admin", "added_by": 1, "added_on": "2022-02-14T17:39:53.480Z"}}, {"model": "maintenance.maintenance", "pk": 3, "fields": {"unit": 7, "tenant": 1, "priority": "high", "name": "electrical", "category": "electrical", "description": "there was an electrical issue again part 2", "reported_on": "2022-02-09", "solved_on": null, "status": "not started", "urgency": "not urgent", "opened": false, "added_by_category": "admin", "added_by": 1, "added_on": "2022-02-14T18:23:19.069Z"}}, {"model": "maintenance.maintenance", "pk": 4, "fields": {"unit": 2, "tenant": 4, "priority": "high", "name": "plumbing", "category": "plumbing", "description": "toilet is clogged", "reported_on": "2022-02-14", "solved_on": null, "status": "in progress", "urgency": "not urgent", "opened": false, "added_by_category": "admin", "added_by": 4, "added_on": "2022-02-21T09:44:55.117Z"}}, {"model": "maintenance.cost", "pk": 1, "fields": {"maintenance": 1, "cost_type": "material", "cost_name": "wires", "cost_number": 2, "cost_description": "test why we need this", "cost_total": 8900, "payee": 4, "paid": "paid", "paid_date": "2022-02-01", "paid_by": "us", "ref_no": "A9091019", "paid_through": "Credit card", "added_by": 1, "added_on": "2022-02-05T12:44:53.455Z"}}, {"model": "maintenance.cost", "pk": 2, "fields": {"maintenance": 1, "cost_type": "labour", "cost_name": "John wayne", "cost_number": 1, "cost_description": "test test", "cost_total": 9800, "payee": 4, "paid": "paid", "paid_date": "2022-02-01", "paid_by": "us", "ref_no": "", "paid_through": "cash", "added_by": 1, "added_on": "2022-02-06T17:12:06.710Z"}}, {"model": "maintenance.cost", "pk": 10, "fields": {"maintenance": 1, "cost_type": "labour", "cost_name": "Joseph Disraeli Omenda", "cost_number": 1, "cost_description": "Joseph Disraeli Omenda is the next Elon Musk/Steve jobs/Nikola Tesla", "cost_total": 290, "payee": 4, "paid": "paid", "paid_date": "2022-01-05", "paid_by": "us", "ref_no": "cashiercheck909112", "paid_through": "Cashier's check", "added_by": 1, "added_on": "2022-02-06T17:55:10.953Z"}}, {"model": "maintenance.cost", "pk": 11, "fields": {"maintenance": 1, "cost_type": "labour", "cost_name": "Joseph Disraeli Omenda", "cost_number": 1, "cost_description": "Joseph Disraeli Omenda is the next Elon Musk/Steve jobs/Nikola Tesla", "cost_total": 290, "payee": 4, "paid": "paid", "paid_date": "2022-01-05", "paid_by": "us", "ref_no": "cashiercheck909112", "paid_through": "Cashier's check", "added_by": 1, "added_on": "2022-02-06T17:56:24.421Z"}}, {"model": "maintenance.cost", "pk": 12, "fields": {"maintenance": 1, "cost_type": "labour", "cost_name": "Joseph Disraeli Omenda", "cost_number": 1, "cost_description": "Joseph Disraeli Omenda is the next Elon Musk/Steve jobs/Nikola Tesla", "cost_total": 290, "payee": 4, "paid": "paid", "paid_date": "2022-01-05", "paid_by": "us", "ref_no": "cashiercheck909112", "paid_through": "Cashier's check", "added_by": 1, "added_on": "2022-02-06T17:57:40.095Z"}}, {"model": "maintenance.cost", "pk": 13, "fields": {"maintenance": 1, "cost_type": "labour", "cost_name": "Joseph Disraeli Omenda", "cost_number": 1, "cost_description": "Joseph Disraeli Omenda is the next Elon Musk/Steve jobs/Nikola Tesla", "cost_total": 290, "payee": 4, "paid": "paid", "paid_date": "2022-01-05", "paid_by": "us", "ref_no": "cashiercheck909112", "paid_through": "Cashier's check", "added_by": 1, "added_on": "2022-02-06T18:00:05.543Z"}}, {"model": "maintenance.cost", "pk": 14, "fields": {"maintenance": 2, "cost_type": "material", "cost_name": "Test mazterial name", "cost_number": 4, "cost_description": "to fix stairs", "cost_total": 700, "payee": 4, "paid": "paid", "paid_date": "2022-02-02", "paid_by": "us", "ref_no": "", "paid_through": "cash", "added_by": 1, "added_on": "2022-02-14T18:02:23.456Z"}}, {"model": "maintenance.cost", "pk": 16, "fields": {"maintenance": 2, "cost_type": "labour", "cost_name": "Bill Gates", "cost_number": 1, "cost_description": "to fix some issues", "cost_total": 500, "payee": 4, "paid": "paid", "paid_date": "2022-02-04", "paid_by": "us", "ref_no": "", "paid_through": "cash", "added_by": 1, "added_on": "2022-02-14T18:20:03.952Z"}}, {"model": "maintenance.cost", "pk": 17, "fields": {"maintenance": 3, "cost_type": "material", "cost_name": "wiring", "cost_number": 3, "cost_description": "to fix wiring issues", "cost_total": 650, "payee": 4, "paid": "paid", "paid_date": "2022-02-02", "paid_by": "us", "ref_no": "a0998", "paid_through": "Direct deposit", "added_by": 1, "added_on": "2022-02-14T18:24:09.432Z"}}, {"model": "maintenance.cost", "pk": 18, "fields": {"maintenance": 4, "cost_type": "labour", "cost_name": "Bruno mars", "cost_number": 1, "cost_description": "entertainment", "cost_total": 4500, "payee": 4, "paid": "paid", "paid_date": "2022-02-01", "paid_by": "us", "ref_no": "", "paid_through": "cash", "added_by": 4, "added_on": "2022-02-21T09:56:05.811Z"}}, {"model": "maintenance.document", "pk": 1, "fields": {"maintenance": 4, "document": "maintenane/bathroom_XHIDnIi.jpeg", "name": "bathroom", "added_by": 4, "added_on": "2022-02-21T09:45:30.563Z"}}, {"model": "customAuth.user", "pk": 1, "fields": {"password": "pbkdf2_sha256$320000$NZMXAZjKtqH8wXap5hE214$9jnuy4AuFy/ISp/e61WEfx87XZ+QfmFMDbsq6rsKYe4=", "last_login": "2022-02-13T14:42:03.619Z", "is_superuser": true, "username": "josephdisraeli", "first_name": "", "last_name": "", "email": "joseph.omenda001@gmail.com", "is_staff": true, "is_active": true, "date_joined": "2022-02-01T06:06:43.602Z", "is_syestem_admin": true, "is_employee": false, "is_tenant": false, "notifications": "[\"67\", \"68\", \"69\", \"70\", \"71\", \"72\", \"73\", \"74\", \"75\", \"76\", \"77\", \"78\", \"79\", \"80\", \"81\", \"82\", \"83\", \"84\", \"85\", \"86\", \"87\", \"88\", \"89\", \"90\", \"91\", \"92\", \"93\", \"94\", \"95\", \"96\", \"97\", \"98\", \"99\", \"100\"]", "groups": [], "user_permissions": []}}, {"model": "customAuth.user", "pk": 2, "fields": {"password": "pbkdf2_sha256$320000$CA1mXnheYlpn4TpxAzTqpt$ZsTLwhIWa0QMV1WeiDmf2+KKI7uCEAgALFtW8XlrKGk=", "last_login": null, "is_superuser": true, "username": "disraeli", "first_name": "", "last_name": "", "email": "joseph.omenda007@gmail.com", "is_staff": true, "is_active": true, "date_joined": "2022-02-19T19:28:27.148Z", "is_syestem_admin": true, "is_employee": false, "is_tenant": false, "notifications": "[\"67\", \"68\", \"69\", \"70\", \"71\", \"72\", \"73\", \"74\", \"75\", \"76\", \"77\", \"78\", \"79\", \"80\", \"81\", \"82\", \"83\", \"84\", \"85\", \"86\", \"87\", \"88\", \"89\", \"90\", \"91\", \"92\", \"93\", \"94\", \"95\", \"96\", \"97\", \"98\", \"99\", \"100\"]", "groups": [], "user_permissions": []}}, {"model": "customAuth.user", "pk": 3, "fields": {"password": "pbkdf2_sha256$320000$2ox3aLNnIW1AxOoDL82eEV$XpznEfHy13Ul3nPPcWs+VW4bmFnx4NYDBjrkfKAm5WY=", "last_login": "2022-02-20T20:42:01.455Z", "is_superuser": false, "username": "josewylde", "first_name": "", "last_name": "", "email": "josewylde@gmail.com", "is_staff": false, "is_active": true, "date_joined": "2022-02-20T09:38:12.636Z", "is_syestem_admin": false, "is_employee": false, "is_tenant": true, "notifications": "[]", "groups": [], "user_permissions": []}}, {"model": "customAuth.user", "pk": 4, "fields": {"password": "pbkdf2_sha256$320000$NxP7FWFsdULYXITWftIyKK$aT7F8cB5ZEiMGwEQHSi2hUrf7SS0hITNQL3aD0NJY9k=", "last_login": "2022-02-21T09:07:34.991Z", "is_superuser": false, "username": "smantha", "first_name": "", "last_name": "", "email": "smantha@gmail.com", "is_staff": false, "is_active": true, "date_joined": "2022-02-21T09:02:05.802Z", "is_syestem_admin": false, "is_employee": true, "is_tenant": false, "notifications": null, "groups": [], "user_permissions": []}}, {"model": "customAuth.user", "pk": 5, "fields": {"password": "pbkdf2_sha256$320000$YN37yny6NtzFtg8b0ARHQV$lrGfiuZYQgwXqTjDaUeS94rlLXBeE+jpU9PFq9e/KP4=", "last_login": null, "is_superuser": false, "username": "robert", "first_name": "", "last_name": "", "email": "robert@gmail.com", "is_staff": false, "is_active": true, "date_joined": "2022-02-22T19:33:51.988Z", "is_syestem_admin": false, "is_employee": false, "is_tenant": true, "notifications": null, "groups": [], "user_permissions": []}}, {"model": "customAuth.payee", "pk": 4, "fields": {"email": "joseph.omenda007@gmail.com", "name": "Joseph Disraeli", "category": "individual", "calling_code": 1, "phone_number": 4242834841, "website": "abctenant.com", "company_name": "", "payee_category": "Cleaning services", "description": "tesr test tres", "added_on": "2022-02-06T05:40:07.151Z", "added_by": 1}}, {"model": "customAuth.adminprofile", "pk": 1, "fields": {"user": 1, "name": null, "image": "profile/no_profile.jpg", "added_on": "2022-02-01T06:06:43.992Z", "added_by": null}}, {"model": "customAuth.adminprofile", "pk": 2, "fields": {"user": 2, "name": "Joseph Disraeli", "image": "profile/me_linkedin.jpg", "added_on": "2022-02-19T19:28:27.505Z", "added_by": null}}, {"model": "customAuth.adminprofile", "pk": 3, "fields": {"user": 4, "name": "Samntha boscarino", "image": "profile/samatha.jpg", "added_on": "2022-02-21T09:02:15.402Z", "added_by": 1}}, {"model": "communications.email", "pk": 1, "fields": {"subject": "test email", "body": "this email is for testing puropse", "group": "normal", "type": "normal", "type_id": null, "status": "sent", "document": "", "reason": null, "email_sent_to": "joseph.omenda001@gmail.com", "lease": 2, "added_on": "2022-02-12T08:17:33.454Z", "added_by": 1}}, {"model": "communications.email", "pk": 2, "fields": {"subject": "test subject", "body": "test email body", "group": "normal", "type": "normal", "type_id": null, "status": "sent", "document": "", "reason": null, "email_sent_to": "joseph.omenda001@gmail.com", "lease": 2, "added_on": "2022-02-12T08:28:04.847Z", "added_by": 1}}, {"model": "communications.email", "pk": 3, "fields": {"subject": "test email", "body": "this email is for testing purposes", "group": "normal", "type": "normal", "type_id": null, "status": "sent", "document": "", "reason": null, "email_sent_to": "josewylde@gmail.com", "lease": 3, "added_on": "2022-02-12T08:30:36.233Z", "added_by": 1}}, {"model": "communications.email", "pk": 4, "fields": {"subject": "test email", "body": "Hey anna, this email is for testing purposes", "group": "normal", "type": "normal", "type_id": null, "status": "sent", "document": "", "reason": null, "email_sent_to": "joseph.omenda001@gmail.com", "lease": 2, "added_on": "2022-02-12T08:42:59.087Z", "added_by": 1}}, {"model": "communications.email", "pk": 5, "fields": {"subject": "test email", "body": "hey ana, this email is for testing purposes", "group": "normal", "type": "normal", "type_id": null, "status": "sent", "document": "", "reason": null, "email_sent_to": "joseph.omenda001@gmail.com", "lease": 2, "added_on": "2022-02-12T08:44:06.135Z", "added_by": 1}}, {"model": "communications.email", "pk": 6, "fields": {"subject": "test subject", "body": "hey ana, this email is for testing ", "group": "normal", "type": "normal", "type_id": null, "status": "sent", "document": "", "reason": null, "email_sent_to": "joseph.omenda001@gmail.com", "lease": 2, "added_on": "2022-02-12T08:48:00.242Z", "added_by": 1}}, {"model": "communications.email", "pk": 7, "fields": {"subject": "Invoice", "body": "Hope you are well. You are getting this invoice because you are a tenant of house A Green apartments", "group": "finance", "type": "invoice", "type_id": 71, "status": "sent", "document": "", "reason": null, "email_sent_to": "joseph.omenda001@gmail.com", "lease": 2, "added_on": "2022-02-12T09:25:02.086Z", "added_by": 1}}, {"model": "communications.email", "pk": 8, "fields": {"subject": "Invoice", "body": "Hope you are well. You are getting this invoice because you are a tenant of house A Green apartments", "group": "finance", "type": "invoice", "type_id": 73, "status": "sent", "document": "", "reason": null, "email_sent_to": "joseph.omenda001@gmail.com", "lease": 2, "added_on": "2022-02-12T09:33:11.342Z", "added_by": 1}}, {"model": "communications.email", "pk": 9, "fields": {"subject": "Invoice", "body": "Hope you are well. You are getting this invoice because you are a tenant of house A Green apartments", "group": "finance", "type": "invoice", "type_id": 77, "status": "sent", "document": "", "reason": null, "email_sent_to": "joseph.omenda001@gmail.com", "lease": 2, "added_on": "2022-02-12T09:55:10.114Z", "added_by": 1}}, {"model": "communications.email", "pk": 10, "fields": {"subject": "Invoice", "body": "Hope you are well. You are getting this invoice because you are a tenant of house A Green apartments", "group": "finance", "type": "invoice", "type_id": 79, "status": "sent", "document": "", "reason": null, "email_sent_to": "joseph.omenda001@gmail.com", "lease": 2, "added_on": "2022-02-12T10:05:16.571Z", "added_by": 1}}, {"model": "communications.email", "pk": 11, "fields": {"subject": "Invoice", "body": "Hope you are well. You are getting this invoice because you are a tenant of house B Green apartments", "group": "finance", "type": "invoice", "type_id": 80, "status": "sent", "document": "", "reason": null, "email_sent_to": "josewylde@gmail.com", "lease": 3, "added_on": "2022-02-12T10:05:16.625Z", "added_by": 1}}, {"model": "communications.email", "pk": 12, "fields": {"subject": "Invoice", "body": "Hope you are well. You are getting this invoice because you are a tenant of unit 6 Lanagata paradise", "group": "finance", "type": "invoice", "type_id": 81, "status": "sent", "document": "", "reason": null, "email_sent_to": "joseph.omenda007@gmail.com", "lease": 1, "added_on": "2022-02-12T10:05:16.668Z", "added_by": 1}}, {"model": "communications.email", "pk": 13, "fields": {"subject": "Invoice", "body": "Hope you are well. You are getting this invoice because you are a tenant of unit 6 Lanagata paradise", "group": "finance", "type": "invoice", "type_id": 82, "status": "sent", "document": "", "reason": null, "email_sent_to": "joseph.omenda007@gmail.com", "lease": 1, "added_on": "2022-02-12T10:28:48.114Z", "added_by": 1}}, {"model": "communications.email", "pk": 20, "fields": {"subject": "Receipt", "body": "Hope you are well. You are getting this receipt because you are a tenant of house A Green apartments.", "group": "finance", "type": "receipt", "type_id": 84, "status": "sent", "document": "", "reason": null, "email_sent_to": "joseph.omenda001@gmail.com", "lease": 2, "added_on": "2022-02-12T13:28:22.746Z", "added_by": 1}}, {"model": "communications.email", "pk": 21, "fields": {"subject": "Receipt", "body": "Hope you are well. You are getting this receipt because you are a tenant of house A Green apartments.", "group": "finance", "type": "receipt", "type_id": 85, "status": "sent", "document": "", "reason": null, "email_sent_to": "joseph.omenda001@gmail.com", "lease": 2, "added_on": "2022-02-12T13:31:29.704Z", "added_by": 1}}, {"model": "communications.email", "pk": 23, "fields": {"subject": "Credit note", "body": "Hope you are well. You are getting this credit noter because you are a tenant of house A Green apartments and an invoice was cancelled", "group": "finance", "type": "credit note", "type_id": 86, "status": "sent", "document": "", "reason": null, "email_sent_to": "joseph.omenda001@gmail.com", "lease": 2, "added_on": "2022-02-12T15:15:31.325Z", "added_by": 1}}, {"model": "communications.email", "pk": 24, "fields": {"subject": "Credit note", "body": "Hope you are well. You are getting this credit noter because you are a tenant of house B Green apartments and an invoice was cancelled", "group": "finance", "type": "credit note", "type_id": 87, "status": "sent", "document": "", "reason": null, "email_sent_to": "josewylde@gmail.com", "lease": 3, "added_on": "2022-02-12T15:19:42.910Z", "added_by": 1}}, {"model": "communications.email", "pk": 25, "fields": {"subject": "Debit note", "body": "Hope you are well. You are getting this debit note because you are a tenant of unit 6 Lanagata paradise and a payment was cancelled", "group": "finance", "type": "debit note", "type_id": 61, "status": "sent", "document": "", "reason": null, "email_sent_to": "joseph.omenda007@gmail.com", "lease": 1, "added_on": "2022-02-13T06:20:36.433Z", "added_by": 1}}, {"model": "communications.email", "pk": 26, "fields": {"subject": "Debit note", "body": "Hope you are well. You are getting this debit note because you are a tenant of unit 6 Lanagata paradise and a payment was cancelled", "group": "finance", "type": "debit note", "type_id": 88, "status": "sent", "document": "", "reason": null, "email_sent_to": "joseph.omenda007@gmail.com", "lease": 1, "added_on": "2022-02-13T06:27:04.109Z", "added_by": 1}}, {"model": "communications.email", "pk": 27, "fields": {"subject": "Lease created", "body": "Thank you for renting with us. You have been allocated unit 3 Lanagata paradise kindly contact your landlord to get more information such as rental charges, lease information, Payment options, access to the web app among others..", "group": "lease", "type": "lease created", "type_id": 10, "status": "sent", "document": "", "reason": null, "email_sent_to": "joseph.omenda007@gmail.com", "lease": 10, "added_on": "2022-02-13T07:43:34.472Z", "added_by": 1}}, {"model": "communications.email", "pk": 28, "fields": {"subject": "Lease termination", "body": "  Please be advised that your fixed period tenancy for house H in Green apartments has been terminated. Below you will find the reason why.", "group": "lease", "type": "lease termination", "type_id": 8, "status": "not sent", "document": "", "reason": "email not found", "email_sent_to": "", "lease": 11, "added_on": "2022-02-13T12:10:26.912Z", "added_by": 1}}, {"model": "communications.email", "pk": 29, "fields": {"subject": "Lease termination", "body": "  Please be advised that your month-to-month tenancy for unit 5 in Lanagata paradise has been terminated. Below you will find the reason why.", "group": "lease", "type": "lease termination", "type_id": 9, "status": "sent", "document": "", "reason": "End of lease term", "email_sent_to": "joseph.omenda007@gmail.com", "lease": 12, "added_on": "2022-02-13T12:11:47.685Z", "added_by": 1}}, {"model": "communications.email", "pk": 41, "fields": {"subject": "Invoice", "body": "Hope you are well. You are getting this invoice because you are a tenant of house A Green apartments", "group": "finance", "type": "invoice", "type_id": 126, "status": "sent", "document": "", "reason": null, "email_sent_to": "joseph.omenda001@gmail.com", "lease": 2, "added_on": "2022-02-19T09:09:00.562Z", "added_by": 1}}, {"model": "communications.email", "pk": 42, "fields": {"subject": "Invoice", "body": "Hope you are well. You are getting this invoice because you are a tenant of house B Green apartments", "group": "finance", "type": "invoice", "type_id": 127, "status": "sent", "document": "", "reason": null, "email_sent_to": "josewylde@gmail.com", "lease": 3, "added_on": "2022-02-19T09:09:00.607Z", "added_by": 1}}, {"model": "communications.email", "pk": 43, "fields": {"subject": "Invoice", "body": "Hope you are well. You are getting this invoice because you are a tenant of unit 6 Lanagata paradise", "group": "finance", "type": "invoice", "type_id": 128, "status": "sent", "document": "", "reason": null, "email_sent_to": "joseph.omenda007@gmail.com", "lease": 1, "added_on": "2022-02-20T10:01:00.335Z", "added_by": 1}}, {"model": "communications.email", "pk": 44, "fields": {"subject": "Invoice", "body": "Hope you are well. You are getting this invoice because you are a tenant of house A Green apartments", "group": "finance", "type": "invoice", "type_id": 129, "status": "sent", "document": "", "reason": null, "email_sent_to": "joseph.omenda001@gmail.com", "lease": 2, "added_on": "2022-02-20T10:01:00.445Z", "added_by": 1}}, {"model": "communications.email", "pk": 45, "fields": {"subject": "Invoice", "body": "Hope you are well. You are getting this invoice because you are a tenant of house B Green apartments", "group": "finance", "type": "invoice", "type_id": 130, "status": "sent", "document": "", "reason": null, "email_sent_to": "josewylde@gmail.com", "lease": 3, "added_on": "2022-02-20T10:01:00.518Z", "added_by": 1}}, {"model": "communications.email", "pk": 47, "fields": {"subject": "Receipt", "body": "Hope you are well. You are getting this receipt because you are a tenant of unit 1 Lanagata paradise.", "group": "finance", "type": "receipt", "type_id": 137, "status": "sent", "document": "", "reason": null, "email_sent_to": "joseph.omenda007@gmail.com", "lease": 8, "added_on": "2022-02-22T09:11:48.461Z", "added_by": 1}}, {"model": "communications.email", "pk": 49, "fields": {"subject": "Invoice", "body": "Hope you are well. You are getting this invoice because you are a tenant of unit 1 Lanagata paradise", "group": "finance", "type": "invoice", "type_id": 155, "status": "sent", "document": "", "reason": null, "email_sent_to": "joseph.omenda007@gmail.com", "lease": 8, "added_on": "2022-02-23T17:13:01.226Z", "added_by": 1}}, {"model": "communications.email", "pk": 50, "fields": {"subject": "Invoice", "body": "Hope you are well. You are getting this invoice because you are a tenant of unit 1 Lanagata paradise", "group": "finance", "type": "invoice", "type_id": 156, "status": "sent", "document": "", "reason": null, "email_sent_to": "joseph.omenda007@gmail.com", "lease": 8, "added_on": "2022-02-23T17:13:01.926Z", "added_by": 1}}, {"model": "communications.email", "pk": 51, "fields": {"subject": "Invoice", "body": "Hope you are well. You are getting this invoice because you are a tenant of house B Green apartments", "group": "finance", "type": "invoice", "type_id": 157, "status": "sent", "document": "", "reason": null, "email_sent_to": "josewylde@gmail.com", "lease": 3, "added_on": "2022-02-23T17:13:02.043Z", "added_by": 1}}, {"model": "communications.email", "pk": 52, "fields": {"subject": "Invoice", "body": "Hope you are well. You are getting this invoice because you are a tenant of house A Green apartments", "group": "finance", "type": "invoice", "type_id": 158, "status": "sent", "document": "", "reason": null, "email_sent_to": "joseph.omenda001@gmail.com", "lease": 2, "added_on": "2022-02-23T17:13:02.203Z", "added_by": 1}}, {"model": "communications.email", "pk": 53, "fields": {"subject": "Invoice", "body": "Hope you are well. You are getting this invoice because you are a tenant of house A Green apartments", "group": "finance", "type": "invoice", "type_id": 159, "status": "sent", "document": "", "reason": null, "email_sent_to": "joseph.omenda001@gmail.com", "lease": 2, "added_on": "2022-02-23T17:13:02.418Z", "added_by": 1}}, {"model": "communications.email", "pk": 54, "fields": {"subject": "Invoice", "body": "Hope you are well. You are getting this invoice because you are a tenant of unit 1 Lanagata paradise", "group": "finance", "type": "invoice", "type_id": 160, "status": "sent", "document": "", "reason": null, "email_sent_to": "joseph.omenda007@gmail.com", "lease": 8, "added_on": "2022-02-23T17:13:02.650Z", "added_by": 1}}, {"model": "communications.email", "pk": 55, "fields": {"subject": "Invoice", "body": "Hope you are well. You are getting this invoice because you are a tenant of house A Green apartments", "group": "finance", "type": "invoice", "type_id": 161, "status": "sent", "document": "", "reason": null, "email_sent_to": "joseph.omenda001@gmail.com", "lease": 2, "added_on": "2022-02-23T17:13:02.898Z", "added_by": 1}}, {"model": "communications.email", "pk": 56, "fields": {"subject": "Invoice", "body": "Hope you are well. You are getting this invoice because you are a tenant of house A Green apartments", "group": "finance", "type": "invoice", "type_id": 162, "status": "sent", "document": "", "reason": null, "email_sent_to": "joseph.omenda001@gmail.com", "lease": 2, "added_on": "2022-02-23T17:13:03.108Z", "added_by": 1}}, {"model": "communications.email", "pk": 57, "fields": {"subject": "Invoice", "body": "Hope you are well. You are getting this invoice because you are a tenant of house A Green apartments", "group": "finance", "type": "invoice", "type_id": 163, "status": "sent", "document": "", "reason": null, "email_sent_to": "joseph.omenda001@gmail.com", "lease": 2, "added_on": "2022-02-23T17:13:03.463Z", "added_by": 1}}, {"model": "communications.email", "pk": 58, "fields": {"subject": "Invoice", "body": "Hope you are well. You are getting this invoice because you are a tenant of house A Green apartments", "group": "finance", "type": "invoice", "type_id": 164, "status": "sent", "document": "", "reason": null, "email_sent_to": "joseph.omenda001@gmail.com", "lease": 2, "added_on": "2022-02-23T17:13:04.023Z", "added_by": 1}}, {"model": "communications.email", "pk": 59, "fields": {"subject": "Invoice", "body": "Hope you are well. You are getting this invoice because you are a tenant of house A Green apartments", "group": "finance", "type": "invoice", "type_id": 165, "status": "sent", "document": "", "reason": null, "email_sent_to": "joseph.omenda001@gmail.com", "lease": 2, "added_on": "2022-02-23T17:13:04.348Z", "added_by": 1}}, {"model": "communications.email", "pk": 60, "fields": {"subject": "Invoice", "body": "Hope you are well. You are getting this invoice because you are a tenant of house A Green apartments", "group": "finance", "type": "invoice", "type_id": 166, "status": "sent", "document": "", "reason": null, "email_sent_to": "joseph.omenda001@gmail.com", "lease": 2, "added_on": "2022-02-23T17:13:04.673Z", "added_by": 1}}, {"model": "communications.email", "pk": 61, "fields": {"subject": "Invoice", "body": "Hope you are well. You are getting this invoice because you are a tenant of house A Green apartments", "group": "finance", "type": "invoice", "type_id": 167, "status": "sent", "document": "", "reason": null, "email_sent_to": "joseph.omenda001@gmail.com", "lease": 2, "added_on": "2022-02-23T17:13:04.878Z", "added_by": 1}}, {"model": "communications.email", "pk": 62, "fields": {"subject": "Invoice", "body": "Hope you are well. You are getting this invoice because you are a tenant of house A Green apartments", "group": "finance", "type": "invoice", "type_id": 168, "status": "sent", "document": "", "reason": null, "email_sent_to": "joseph.omenda001@gmail.com", "lease": 2, "added_on": "2022-02-23T17:13:05.038Z", "added_by": 1}}, {"model": "communications.email", "pk": 63, "fields": {"subject": "Invoice", "body": "Hope you are well. You are getting this invoice because you are a tenant of unit 1 Lanagata paradise", "group": "finance", "type": "invoice", "type_id": 155, "status": "sent", "document": "", "reason": null, "email_sent_to": "joseph.omenda007@gmail.com", "lease": 8, "added_on": "2022-02-23T17:13:06.229Z", "added_by": 1}}, {"model": "communications.email", "pk": 64, "fields": {"subject": "Invoice", "body": "Hope you are well. You are getting this invoice because you are a tenant of unit 1 Lanagata paradise", "group": "finance", "type": "invoice", "type_id": 156, "status": "sent", "document": "", "reason": null, "email_sent_to": "joseph.omenda007@gmail.com", "lease": 8, "added_on": "2022-02-23T17:13:06.308Z", "added_by": 1}}, {"model": "communications.email", "pk": 65, "fields": {"subject": "Invoice", "body": "Hope you are well. You are getting this invoice because you are a tenant of house B Green apartments", "group": "finance", "type": "invoice", "type_id": 157, "status": "sent", "document": "", "reason": null, "email_sent_to": "josewylde@gmail.com", "lease": 3, "added_on": "2022-02-23T17:13:06.361Z", "added_by": 1}}, {"model": "communications.email", "pk": 66, "fields": {"subject": "Invoice", "body": "Hope you are well. You are getting this invoice because you are a tenant of house A Green apartments", "group": "finance", "type": "invoice", "type_id": 158, "status": "sent", "document": "", "reason": null, "email_sent_to": "joseph.omenda001@gmail.com", "lease": 2, "added_on": "2022-02-23T17:13:06.463Z", "added_by": 1}}, {"model": "communications.email", "pk": 67, "fields": {"subject": "Invoice", "body": "Hope you are well. You are getting this invoice because you are a tenant of house A Green apartments", "group": "finance", "type": "invoice", "type_id": 159, "status": "sent", "document": "", "reason": null, "email_sent_to": "joseph.omenda001@gmail.com", "lease": 2, "added_on": "2022-02-23T17:13:06.534Z", "added_by": 1}}, {"model": "communications.email", "pk": 68, "fields": {"subject": "Invoice", "body": "Hope you are well. You are getting this invoice because you are a tenant of unit 1 Lanagata paradise", "group": "finance", "type": "invoice", "type_id": 160, "status": "sent", "document": "", "reason": null, "email_sent_to": "joseph.omenda007@gmail.com", "lease": 8, "added_on": "2022-02-23T17:13:06.608Z", "added_by": 1}}, {"model": "communications.email", "pk": 69, "fields": {"subject": "Invoice", "body": "Hope you are well. You are getting this invoice because you are a tenant of house A Green apartments", "group": "finance", "type": "invoice", "type_id": 161, "status": "sent", "document": "", "reason": null, "email_sent_to": "joseph.omenda001@gmail.com", "lease": 2, "added_on": "2022-02-23T17:13:06.698Z", "added_by": 1}}, {"model": "communications.email", "pk": 70, "fields": {"subject": "Invoice", "body": "Hope you are well. You are getting this invoice because you are a tenant of house A Green apartments", "group": "finance", "type": "invoice", "type_id": 162, "status": "sent", "document": "", "reason": null, "email_sent_to": "joseph.omenda001@gmail.com", "lease": 2, "added_on": "2022-02-23T17:13:06.788Z", "added_by": 1}}, {"model": "communications.email", "pk": 71, "fields": {"subject": "Invoice", "body": "Hope you are well. You are getting this invoice because you are a tenant of house A Green apartments", "group": "finance", "type": "invoice", "type_id": 163, "status": "sent", "document": "", "reason": null, "email_sent_to": "joseph.omenda001@gmail.com", "lease": 2, "added_on": "2022-02-23T17:13:06.889Z", "added_by": 1}}, {"model": "communications.email", "pk": 72, "fields": {"subject": "Invoice", "body": "Hope you are well. You are getting this invoice because you are a tenant of house A Green apartments", "group": "finance", "type": "invoice", "type_id": 164, "status": "sent", "document": "", "reason": null, "email_sent_to": "joseph.omenda001@gmail.com", "lease": 2, "added_on": "2022-02-23T17:13:06.983Z", "added_by": 1}}, {"model": "communications.email", "pk": 73, "fields": {"subject": "Invoice", "body": "Hope you are well. You are getting this invoice because you are a tenant of house A Green apartments", "group": "finance", "type": "invoice", "type_id": 165, "status": "sent", "document": "", "reason": null, "email_sent_to": "joseph.omenda001@gmail.com", "lease": 2, "added_on": "2022-02-23T17:13:07.113Z", "added_by": 1}}, {"model": "communications.email", "pk": 74, "fields": {"subject": "Invoice", "body": "Hope you are well. You are getting this invoice because you are a tenant of house A Green apartments", "group": "finance", "type": "invoice", "type_id": 166, "status": "sent", "document": "", "reason": null, "email_sent_to": "joseph.omenda001@gmail.com", "lease": 2, "added_on": "2022-02-23T17:13:07.276Z", "added_by": 1}}, {"model": "communications.email", "pk": 75, "fields": {"subject": "Invoice", "body": "Hope you are well. You are getting this invoice because you are a tenant of house A Green apartments", "group": "finance", "type": "invoice", "type_id": 167, "status": "sent", "document": "", "reason": null, "email_sent_to": "joseph.omenda001@gmail.com", "lease": 2, "added_on": "2022-02-23T17:13:07.489Z", "added_by": 1}}, {"model": "communications.email", "pk": 76, "fields": {"subject": "Invoice", "body": "Hope you are well. You are getting this invoice because you are a tenant of house A Green apartments", "group": "finance", "type": "invoice", "type_id": 168, "status": "sent", "document": "", "reason": null, "email_sent_to": "joseph.omenda001@gmail.com", "lease": 2, "added_on": "2022-02-23T17:13:07.774Z", "added_by": 1}}, {"model": "notifications.notification", "pk": 73, "fields": {"notification_type": "invoice", "title": "Invoice generated", "message": "USD 46.80 has been created for Robert Axelrod in unit 1 Lanagata paradise", "to_group": "staff", "to_id": null, "from_group": "system", "from_user": null, "maintenance": null, "statement": 155, "lease": null, "date": "2022-02-23T17:13:01.246Z", "status": "unread", "added_on": "2022-02-23T17:13:01.246Z"}}, {"model": "notifications.notification", "pk": 74, "fields": {"notification_type": "invoice", "title": "Invoice generated", "message": "USD 210.00 has been created for Robert Axelrod in unit 1 Lanagata paradise", "to_group": "staff", "to_id": null, "from_group": "system", "from_user": null, "maintenance": null, "statement": 156, "lease": null, "date": "2022-02-23T17:13:01.928Z", "status": "unread", "added_on": "2022-02-23T17:13:01.928Z"}}, {"model": "notifications.notification", "pk": 75, "fields": {"notification_type": "invoice", "title": "Invoice generated", "message": "USD 120.00 has been created for Zoe saldana in house B Green apartments", "to_group": "staff", "to_id": null, "from_group": "system", "from_user": null, "maintenance": null, "statement": 157, "lease": null, "date": "2022-02-23T17:13:02.050Z", "status": "unread", "added_on": "2022-02-23T17:13:02.053Z"}}, {"model": "notifications.notification", "pk": 76, "fields": {"notification_type": "invoice", "title": "Invoice generated", "message": "USD 50.00 has been created for Ana Omenda in house A Green apartments", "to_group": "staff", "to_id": null, "from_group": "system", "from_user": null, "maintenance": null, "statement": 158, "lease": null, "date": "2022-02-23T17:13:02.208Z", "status": "unread", "added_on": "2022-02-23T17:13:02.208Z"}}, {"model": "notifications.notification", "pk": 77, "fields": {"notification_type": "invoice", "title": "Invoice generated", "message": "USD 300.00 has been created for Ana Omenda in house A Green apartments", "to_group": "staff", "to_id": null, "from_group": "system", "from_user": null, "maintenance": null, "statement": 159, "lease": null, "date": "2022-02-23T17:13:02.426Z", "status": "unread", "added_on": "2022-02-23T17:13:02.428Z"}}, {"model": "notifications.notification", "pk": 78, "fields": {"notification_type": "invoice", "title": "Invoice generated", "message": "USD 200.00 has been created for Robert Axelrod in unit 1 Lanagata paradise", "to_group": "staff", "to_id": null, "from_group": "system", "from_user": null, "maintenance": null, "statement": 160, "lease": null, "date": "2022-02-23T17:13:02.658Z", "status": "unread", "added_on": "2022-02-23T17:13:02.658Z"}}, {"model": "notifications.notification", "pk": 79, "fields": {"notification_type": "invoice", "title": "Invoice generated", "message": "USD 150.00 has been created for Ana Omenda in house A Green apartments", "to_group": "staff", "to_id": null, "from_group": "system", "from_user": null, "maintenance": null, "statement": 161, "lease": null, "date": "2022-02-23T17:13:02.904Z", "status": "unread", "added_on": "2022-02-23T17:13:02.909Z"}}, {"model": "notifications.notification", "pk": 80, "fields": {"notification_type": "invoice", "title": "Invoice generated", "message": "USD 50.00 has been created for Ana Omenda in house A Green apartments", "to_group": "staff", "to_id": null, "from_group": "system", "from_user": null, "maintenance": null, "statement": 162, "lease": null, "date": "2022-02-23T17:13:03.118Z", "status": "unread", "added_on": "2022-02-23T17:13:03.118Z"}}, {"model": "notifications.notification", "pk": 81, "fields": {"notification_type": "invoice", "title": "Invoice generated", "message": "USD 300.00 has been created for Ana Omenda in house A Green apartments", "to_group": "staff", "to_id": null, "from_group": "system", "from_user": null, "maintenance": null, "statement": 163, "lease": null, "date": "2022-02-23T17:13:03.474Z", "status": "unread", "added_on": "2022-02-23T17:13:03.474Z"}}, {"model": "notifications.notification", "pk": 82, "fields": {"notification_type": "invoice", "title": "Invoice generated", "message": "USD 150.00 has been created for Ana Omenda in house A Green apartments", "to_group": "staff", "to_id": null, "from_group": "system", "from_user": null, "maintenance": null, "statement": 164, "lease": null, "date": "2022-02-23T17:13:04.031Z", "status": "unread", "added_on": "2022-02-23T17:13:04.031Z"}}, {"model": "notifications.notification", "pk": 83, "fields": {"notification_type": "invoice", "title": "Invoice generated", "message": "USD 300.00 has been created for Ana Omenda in house A Green apartments", "to_group": "staff", "to_id": null, "from_group": "system", "from_user": null, "maintenance": null, "statement": 165, "lease": null, "date": "2022-02-23T17:13:04.354Z", "status": "unread", "added_on": "2022-02-23T17:13:04.356Z"}}, {"model": "notifications.notification", "pk": 84, "fields": {"notification_type": "invoice", "title": "Invoice generated", "message": "USD 300.00 has been created for Ana Omenda in house A Green apartments", "to_group": "staff", "to_id": null, "from_group": "system", "from_user": null, "maintenance": null, "statement": 166, "lease": null, "date": "2022-02-23T17:13:04.678Z", "status": "unread", "added_on": "2022-02-23T17:13:04.678Z"}}, {"model": "notifications.notification", "pk": 85, "fields": {"notification_type": "invoice", "title": "Invoice generated", "message": "USD 150.00 has been created for Ana Omenda in house A Green apartments", "to_group": "staff", "to_id": null, "from_group": "system", "from_user": null, "maintenance": null, "statement": 167, "lease": null, "date": "2022-02-23T17:13:04.885Z", "status": "unread", "added_on": "2022-02-23T17:13:04.885Z"}}, {"model": "notifications.notification", "pk": 86, "fields": {"notification_type": "invoice", "title": "Invoice generated", "message": "USD 150.00 has been created for Ana Omenda in house A Green apartments", "to_group": "staff", "to_id": null, "from_group": "system", "from_user": null, "maintenance": null, "statement": 168, "lease": null, "date": "2022-02-23T17:13:05.045Z", "status": "unread", "added_on": "2022-02-23T17:13:05.045Z"}}, {"model": "notifications.notification", "pk": 87, "fields": {"notification_type": "invoice", "title": "Invoice generated", "message": "USD 46.80 has been created for Robert Axelrod in unit 1 Lanagata paradise", "to_group": "staff", "to_id": null, "from_group": "system", "from_user": null, "maintenance": null, "statement": 155, "lease": null, "date": "2022-02-23T17:13:06.238Z", "status": "unread", "added_on": "2022-02-23T17:13:06.238Z"}}, {"model": "notifications.notification", "pk": 88, "fields": {"notification_type": "invoice", "title": "Invoice generated", "message": "USD 210.00 has been created for Robert Axelrod in unit 1 Lanagata paradise", "to_group": "staff", "to_id": null, "from_group": "system", "from_user": null, "maintenance": null, "statement": 156, "lease": null, "date": "2022-02-23T17:13:06.308Z", "status": "unread", "added_on": "2022-02-23T17:13:06.313Z"}}, {"model": "notifications.notification", "pk": 89, "fields": {"notification_type": "invoice", "title": "Invoice generated", "message": "USD 120.00 has been created for Zoe saldana in house B Green apartments", "to_group": "staff", "to_id": null, "from_group": "system", "from_user": null, "maintenance": null, "statement": 157, "lease": null, "date": "2022-02-23T17:13:06.361Z", "status": "unread", "added_on": "2022-02-23T17:13:06.361Z"}}, {"model": "notifications.notification", "pk": 90, "fields": {"notification_type": "invoice", "title": "Invoice generated", "message": "USD 50.00 has been created for Ana Omenda in house A Green apartments", "to_group": "staff", "to_id": null, "from_group": "system", "from_user": null, "maintenance": null, "statement": 158, "lease": null, "date": "2022-02-23T17:13:06.468Z", "status": "unread", "added_on": "2022-02-23T17:13:06.468Z"}}, {"model": "notifications.notification", "pk": 91, "fields": {"notification_type": "invoice", "title": "Invoice generated", "message": "USD 300.00 has been created for Ana Omenda in house A Green apartments", "to_group": "staff", "to_id": null, "from_group": "system", "from_user": null, "maintenance": null, "statement": 159, "lease": null, "date": "2022-02-23T17:13:06.538Z", "status": "unread", "added_on": "2022-02-23T17:13:06.542Z"}}, {"model": "notifications.notification", "pk": 92, "fields": {"notification_type": "invoice", "title": "Invoice generated", "message": "USD 200.00 has been created for Robert Axelrod in unit 1 Lanagata paradise", "to_group": "staff", "to_id": null, "from_group": "system", "from_user": null, "maintenance": null, "statement": 160, "lease": null, "date": "2022-02-23T17:13:06.615Z", "status": "unread", "added_on": "2022-02-23T17:13:06.615Z"}}, {"model": "notifications.notification", "pk": 93, "fields": {"notification_type": "invoice", "title": "Invoice generated", "message": "USD 150.00 has been created for Ana Omenda in house A Green apartments", "to_group": "staff", "to_id": null, "from_group": "system", "from_user": null, "maintenance": null, "statement": 161, "lease": null, "date": "2022-02-23T17:13:06.704Z", "status": "unread", "added_on": "2022-02-23T17:13:06.704Z"}}, {"model": "notifications.notification", "pk": 94, "fields": {"notification_type": "invoice", "title": "Invoice generated", "message": "USD 50.00 has been created for Ana Omenda in house A Green apartments", "to_group": "staff", "to_id": null, "from_group": "system", "from_user": null, "maintenance": null, "statement": 162, "lease": null, "date": "2022-02-23T17:13:06.793Z", "status": "unread", "added_on": "2022-02-23T17:13:06.793Z"}}, {"model": "notifications.notification", "pk": 95, "fields": {"notification_type": "invoice", "title": "Invoice generated", "message": "USD 300.00 has been created for Ana Omenda in house A Green apartments", "to_group": "staff", "to_id": null, "from_group": "system", "from_user": null, "maintenance": null, "statement": 163, "lease": null, "date": "2022-02-23T17:13:06.889Z", "status": "unread", "added_on": "2022-02-23T17:13:06.897Z"}}, {"model": "notifications.notification", "pk": 96, "fields": {"notification_type": "invoice", "title": "Invoice generated", "message": "USD 150.00 has been created for Ana Omenda in house A Green apartments", "to_group": "staff", "to_id": null, "from_group": "system", "from_user": null, "maintenance": null, "statement": 164, "lease": null, "date": "2022-02-23T17:13:06.989Z", "status": "unread", "added_on": "2022-02-23T17:13:06.989Z"}}, {"model": "notifications.notification", "pk": 97, "fields": {"notification_type": "invoice", "title": "Invoice generated", "message": "USD 300.00 has been created for Ana Omenda in house A Green apartments", "to_group": "staff", "to_id": null, "from_group": "system", "from_user": null, "maintenance": null, "statement": 165, "lease": null, "date": "2022-02-23T17:13:07.118Z", "status": "unread", "added_on": "2022-02-23T17:13:07.118Z"}}, {"model": "notifications.notification", "pk": 98, "fields": {"notification_type": "invoice", "title": "Invoice generated", "message": "USD 300.00 has been created for Ana Omenda in house A Green apartments", "to_group": "staff", "to_id": null, "from_group": "system", "from_user": null, "maintenance": null, "statement": 166, "lease": null, "date": "2022-02-23T17:13:07.278Z", "status": "unread", "added_on": "2022-02-23T17:13:07.278Z"}}, {"model": "notifications.notification", "pk": 99, "fields": {"notification_type": "invoice", "title": "Invoice generated", "message": "USD 150.00 has been created for Ana Omenda in house A Green apartments", "to_group": "staff", "to_id": null, "from_group": "system", "from_user": null, "maintenance": null, "statement": 167, "lease": null, "date": "2022-02-23T17:13:07.497Z", "status": "unread", "added_on": "2022-02-23T17:13:07.497Z"}}, {"model": "notifications.notification", "pk": 100, "fields": {"notification_type": "invoice", "title": "Invoice generated", "message": "USD 150.00 has been created for Ana Omenda in house A Green apartments", "to_group": "staff", "to_id": null, "from_group": "system", "from_user": null, "maintenance": null, "statement": 168, "lease": null, "date": "2022-02-23T17:13:07.782Z", "status": "unread", "added_on": "2022-02-23T17:13:07.782Z"}}]